title,link,channelId,date
What is Ethnicity?,https://www.youtube.com/watch?v=E1AY95Z64gg,UCiB8h9jD2Mlxx96ZFnGDSJw,2019-02-13T19:28:14Z
Race &amp; Ethnicity: Crash Course Sociology #34,https://www.youtube.com/watch?v=7myLgdZhzjo,UCX6b17PVsYBQ0ip5gyeme-Q,2017-11-20T21:58:17Z
What is Ethnicity? | Ethnic Groups |Race |  Ethnicity Vs Race |,https://www.youtube.com/watch?v=EnZU_Ox-zbE,UCRunP77G80-U278qEWenk8A,2019-10-24T10:42:15Z
Ethnicity | Sociology | Chegg Tutors,https://www.youtube.com/watch?v=3pyodjHjqnA,UCEB367zCx2p-tv6xhhzyyMw,2016-03-23T04:47:03Z
What Is Ethnicity ?,https://www.youtube.com/watch?v=4P5nGRPAeMs,UC-6p0GCgUgh9M-3dik9Ip9A,2021-05-20T21:00:15Z
Ethnicity Meaning,https://www.youtube.com/watch?v=KPrpYEeqqLg,UCqa5Flt8HHRRPEj8hNNaXAw,2015-04-23T14:51:48Z
"3 Major Ethnic Groups in Nigeria:Peculiarities, Customs, and Traditions",https://www.youtube.com/watch?v=pLEW3FNSv_g,UCUP89sciKQMGFCm0V3kxhlw,2019-09-11T18:49:02Z
Guess My Ethnicity | Lineup | Cut,https://www.youtube.com/watch?v=DlGyHcGuE6c,UCbaGn5VkOVlcRgIWAHcrJKA,2020-01-23T13:00:03Z
Demographic structure of society- race and ethnicity,https://www.youtube.com/watch?v=4WIiConeatM,UCJayvjGvKEblkA3KYK1BQQw,2014-04-27T04:50:31Z
"MSO -01 || Ethnicity -Meaning and Approaches, Caste and Ethnicity|| Sociological Theories&amp; Concepts",https://www.youtube.com/watch?v=8Esioe6mYH8,UCrCh1_yiD1apMJzFJQcn6IA,2021-02-23T09:09:55Z
Race vs Ethnicity|Difference between race and ethnicity|Race and ethnicity difference|Sociology,https://www.youtube.com/watch?v=jxtZb12IRXI,UCIbDSpgv9aDM7dlZoC_xVBQ,2020-05-17T00:57:54Z
"Difference between Race, Ethnicity and Nationality #shorts #learn #race",https://www.youtube.com/watch?v=b_yw6cF5rxI,UCqat-wneSpwSYgHX2E3IqbQ,2021-12-10T12:10:01Z
Sociology for UPSC : ETHNICITY Based Social Stratification - Chapter 5 - Paper 1 - Lecture 18,https://www.youtube.com/watch?v=bzQmhdOi1IE,UCgRf62bnK3uX4N-YEhG4Jog,2017-09-06T19:44:02Z
Ethnicity,https://www.youtube.com/watch?v=9CkTzHlpumw,UCCUr096WDp86n62CXBeHlQw,2016-12-05T05:43:43Z
Ethnicity in Nigeria,https://www.youtube.com/watch?v=hT8fmDKeey4,UCrxKfmQylbVFtGI8ujytGDQ,2020-11-25T14:46:05Z
Influence of Ethnicity and Religion on Nigeria&#39;s Politics,https://www.youtube.com/watch?v=3Rk5H6FHgvQ,UCkY5L8JYwx7BT0cOXYZX_dw,2019-01-14T16:32:47Z
What is race? What is ethnicity? Is there a difference?,https://www.youtube.com/watch?v=NQOimokvJXo,UCPwPKTxKLbueitwSA-nvRyA,2018-10-29T03:26:22Z
(Lecture No 9) Ethnicity and National Integration,https://www.youtube.com/watch?v=nAfEfs9sElA,UCivLepNPArqOLO4lZQM4CCw,2020-12-13T07:12:27Z
"Race, Ethnicity, and Culture",https://www.youtube.com/watch?v=N8Yb_4dFTEg,UCZeE70ib4DbOtxpViJnBuPA,2020-02-08T21:51:52Z
Daily vocabulary | Ethnic Meaning | Vocabgram,https://www.youtube.com/watch?v=GAmyW9HT1YA,UCRRVgwL0sk_GdEU6Al2EBCg,2021-05-10T13:00:12Z
"Race, Ethnicity, and the Cultural Landscape: Crash Course Geography #29",https://www.youtube.com/watch?v=lVGJxaogu5A,UCX6b17PVsYBQ0ip5gyeme-Q,2021-10-04T20:01:35Z
"Race, Ethnicity, Nationality and Jellybeans",https://www.youtube.com/watch?v=CqV3CK6QfcU,UCXmwQ6N9EOp_yLxguBpSbgw,2016-02-24T01:15:06Z
Ethnicity/Ethnic Groups (special reference to Pakistani society and Culture),https://www.youtube.com/watch?v=792NLjun10U,UCPbp2TzoiYHUC7bXvVyJ3eQ,2020-12-06T15:17:36Z
&quot;&quot;What is ETHNIC ? | class 10 Political science chapter Power Sharing,https://www.youtube.com/watch?v=5Mj6e22WvsA,UCGnG89EnP8FgEiaQN26pgVw,2021-03-09T16:37:36Z
Explaining America&#39;s Identity in 10 Ethnicities,https://www.youtube.com/watch?v=f0uhy2ZxbQs,UC5Dw9TFdbPJoTDMSiJdIQTA,2022-03-23T15:06:29Z
F*ck Your Ethnicity,https://www.youtube.com/watch?v=JdbBN9dlKOQ,UCprAFmT0C6O4X0ToEXpeFTQ,2016-01-17T17:31:57Z
Ethnicity and Religion | Beliefs in Society | AQA A-Level Sociology,https://www.youtube.com/watch?v=e6hzgGeNFFI,UCe83jLdZ3PuqVwAHe6B3U2A,2022-05-28T11:00:17Z
Ethnic Conflicts and Democracy in Sri Lanka - Contemporary South Asia | Class 12 Political Science,https://www.youtube.com/watch?v=SPwuWyCmqL4,UC3HS6gQ79jjn4xHxogw0HiA,2021-07-03T06:30:09Z
Ethnicity in urdu and its benefits by Naveed Asgher,https://www.youtube.com/watch?v=gQbIsojAVII,UC4YJisySOy4gGuoJL9yNBFA,2019-09-09T18:28:33Z
Ethnicity vs Race because the fact that people don‚Äôt know this physically hurts me,https://www.youtube.com/watch?v=i47Q5mOXgNQ,UCiAQ_BTRlQhv8VutVJwmWdw,2020-12-24T19:32:39Z
"Ethnic Conflict, Ethnic Identity and Ethnicity",https://www.youtube.com/watch?v=gW0WPEJGUNQ,UCNtmd91JW-fD2CJPFADD6NQ,2021-05-28T01:48:36Z
Ethnic groups of AFGHANISTAN,https://www.youtube.com/watch?v=r3fFY26tBpE,UCi7ZUitN8KOwpKp0jjAhIVA,2019-05-16T00:52:26Z
"Ethnicity, Race, Nationality: ‡§Æ‡•Ç‡§≤ ‡§∏‡§ø‡§¶‡•ç‡§ß‡§æ‡§Ç‡§§ ‡§≠‡•Ç‡§ó‡•ã‡§≤",https://www.youtube.com/watch?v=iqMUsCe43Qo,UCcf_EXS7fL65LmIlzEUu-HA,2017-12-29T05:52:02Z
Race and Ethnicity,https://www.youtube.com/watch?v=RKBrmDfQfWE,UCinakG7jGfMpGpfTwfytnAQ,2011-04-13T09:44:22Z
"Race, Ethnicity, and Nationality... what is the difference?",https://www.youtube.com/watch?v=lO4Q_dHnh18,UC-uzHpTvywGopP46pWM84ew,2020-07-03T18:17:29Z
"Concept of Race, Ethnicity and Populations (ANT)",https://www.youtube.com/watch?v=XNAiBpGUBak,UCCUr096WDp86n62CXBeHlQw,2016-11-22T09:05:57Z
ETHNICITY TAG - WHERE ARE WE FROM??,https://www.youtube.com/watch?v=IZI7XjMQe7k,UCsx_pqGXW8G8o0MSSmRTlMw,2017-12-04T03:50:35Z
Major ethnic groups in Morocco and their peculiarities,https://www.youtube.com/watch?v=3CWl1Q9KpWA,UCUP89sciKQMGFCm0V3kxhlw,2020-05-29T17:00:04Z
GUESS MY ETHNICITY TikTok Challenge üåèüò± *i lost...*,https://www.youtube.com/watch?v=U_fWeekoBSI,UCEQiEyMO9ci0Y-KwLOF4ysQ,2019-09-18T17:11:05Z
"The ‚Äúethnic cleansing‚Äù of Myanmar‚Äôs Rohingya Muslims, explained",https://www.youtube.com/watch?v=04axDDRVy_o,UCLXo7UDZvByw2ixzpQCufnA,2017-09-25T12:00:01Z
Who are Myanmar‚Äôs ethnic armed groups? - BBC News,https://www.youtube.com/watch?v=XU7SFQmEips,UC16niRr50-MSBwiO3YDb3RA,2021-06-19T01:30:04Z
Ethnicity and Nationalism by Ashutosh Varshney,https://www.youtube.com/watch?v=ALI_w2ZrxfQ,UC8rwAt7jPEVdVcwuf8Ni34g,2015-11-08T23:18:48Z
Race and Ethnicity Through Hair | Tiana Barkley | TEDxNewarkAcademy,https://www.youtube.com/watch?v=jFd96USLjbM,UCsT0YIqwnpJCM-mx7-gSA4Q,2016-10-25T14:27:34Z
"‡§®‡•É‡§ú‡§æ‡§§‡§ø‡§ï‡§§‡§æ/Ethnicity,‡§™‡•ç‡§∞‡•ã‡§´‡•á‡§∏‡§∞ ‡§∏‡•Å‡§ñ‡§¶‡•á‡§µ",https://www.youtube.com/watch?v=MFVxFe7pR8c,UCa0836QznkVylH85q7aSwiQ,2020-06-03T09:09:38Z
A summary of Ethnicity and educational attainment in sociology,https://www.youtube.com/watch?v=G9fD-Y27et8,UC33716taRpGkTuOI1HF1p3w,2015-05-09T14:54:36Z
Ethnicity and Educational achievement - Internal factors,https://www.youtube.com/watch?v=Ii9GwnTvJeI,UCx9D5bVS2lmNupqfLZwCJ4A,2015-03-20T11:31:19Z
The impact of Ethnicity on National Unity and Development in Nigeria,https://www.youtube.com/watch?v=dgneHhpgO1A,UCSlUqiHqu4Uk85w_x5PuX9w,2019-08-10T15:03:43Z
"Prejudice and discrimination based on race, ethnicity, power, social class, and prestige",https://www.youtube.com/watch?v=ug2FXcEurOo,UCJayvjGvKEblkA3KYK1BQQw,2014-10-24T16:38:50Z
What is the difference between Ethnicity and Race?,https://www.youtube.com/watch?v=Y4htHbegCXg,UCRwXlhbD0buG7Z8veI7t_Vw,2019-08-18T02:15:01Z
Ethnicity In PAKISTAN Current Issues  BS IR,https://www.youtube.com/watch?v=Q-trmSTPFfI,UCZ7Diy4m5jEqQB8BUsUN8UA,2021-01-20T15:06:34Z
"Prejudice and discrimination based on race, ethnicity, power, social class, and prestige",https://www.youtube.com/watch?v=ug2FXcEurOo,UCJayvjGvKEblkA3KYK1BQQw,2014-10-24T16:38:50Z
Christian Music Video &quot;Break Through Notions of Nationality and Ethnicity to Seek God&#39;s Appearance&quot;,https://www.youtube.com/watch?v=xf6IE9PHxlA,UCnm99agRmGJIca7cvowv0og,2020-03-17T14:30:11Z
Ask Professor Dave #1: What&#39;s My Ethnicity?,https://www.youtube.com/watch?v=WUQMb18ran4,UC0cd_-e49hZpWLH3UIwoWRA,2017-06-29T22:36:49Z
How accurate are your DNA Ethnicity Results?,https://www.youtube.com/watch?v=i70SZRW9t90,UCmkKepHoafldMRZ4UNt0Akw,2017-08-03T15:00:03Z
"September 12, 2017 Bible Study Ethnicity, Race, and the Bible Part 2",https://www.youtube.com/watch?v=WRt1ZxFtQYI,UCKFkEcTQsLP7j6DFo-O4xrg,2017-09-14T02:26:23Z
Describing People - Ethnicity | ASL - American Sign Language,https://www.youtube.com/watch?v=3zExRnpYT0U,UC7fVfWv6FL7HeTFeSLz-muQ,2014-04-24T23:33:58Z
Ethnicity in urdu and its benefits by Naveed Asgher,https://www.youtube.com/watch?v=gQbIsojAVII,UC4YJisySOy4gGuoJL9yNBFA,2019-09-09T18:28:33Z
What Am I Mixed With? | My Exact Ethnicity (DNA Test),https://www.youtube.com/watch?v=_l69Mml7y-8,UC7GyuscF7yKHkJut-OSwCEw,2016-11-09T22:15:00Z
"Tuesday 21 April, Ethnicity and Sex",https://www.youtube.com/watch?v=9ZfbtwB9Sb8,UCF9IOB2TExg3QIBupFtBDxg,2020-04-21T13:53:01Z
What ethnicity are you?,https://www.youtube.com/watch?v=3iIb7RZlxT8,UCZ1_aQv6fcdRcDDqs2XzA7w,2020-06-12T05:16:38Z
ethnicity and educational achievement,https://www.youtube.com/watch?v=Dn4D0DfDPTo,UCysdt0RFCfobrlFPzJ4HCnQ,2015-01-21T09:16:18Z
Who are the tatars? | Largest ethnic minority in Russia,https://www.youtube.com/watch?v=kCgN2EY-44g,UCc3a1REv31FQzun8yXtXBqw,2021-08-27T15:15:02Z
Ethnic Deep House mix#3 ( Music From The World ),https://www.youtube.com/watch?v=R7hi883s0Wo,UCdrVORsnsCQqEMaVdM3_RlQ,2020-03-24T09:17:11Z
"Ethnicity, Race, Nationality: ‡§Æ‡•Ç‡§≤ ‡§∏‡§ø‡§¶‡•ç‡§ß‡§æ‡§Ç‡§§ ‡§≠‡•Ç‡§ó‡•ã‡§≤",https://www.youtube.com/watch?v=iqMUsCe43Qo,UCcf_EXS7fL65LmIlzEUu-HA,2017-12-29T05:52:02Z
Nationality vs Ethnicity,https://www.youtube.com/watch?v=7UpQOdJBinA,UCJ-TGA2sZE9tF5-sD_p534A,2017-02-17T21:27:10Z
Ethnicity and Educational achievement - Internal factors,https://www.youtube.com/watch?v=Ii9GwnTvJeI,UCx9D5bVS2lmNupqfLZwCJ4A,2015-03-20T11:31:19Z
Understanding DNA Ethnicity Results,https://www.youtube.com/watch?v=oEt7iQBPfyM,UC-9GZ7QHKOmLS0APnfz2g1Q,2021-03-26T17:33:30Z
ETHNICITY TAG - WHERE ARE WE FROM??,https://www.youtube.com/watch?v=IZI7XjMQe7k,UCsx_pqGXW8G8o0MSSmRTlMw,2017-12-04T03:50:35Z
Ethnicity and Nationalism by Ashutosh Varshney,https://www.youtube.com/watch?v=ALI_w2ZrxfQ,UC8rwAt7jPEVdVcwuf8Ni34g,2015-11-08T23:18:48Z
AncestryDNA | Breaking Down the Science Behind Ethnicity Results | Ancestry,https://www.youtube.com/watch?v=o0mVUu2kRcs,UCsc0AQkAh_2cQmxqwD6VWRw,2015-05-05T20:21:00Z
"Ethnic Conflict, Ethnic Identity and Ethnicity",https://www.youtube.com/watch?v=gW0WPEJGUNQ,UCNtmd91JW-fD2CJPFADD6NQ,2021-05-28T01:48:36Z
Cafe De Anatolia - Best Ethnic Deep House (Mix by Billy Esteban),https://www.youtube.com/watch?v=hineGNZfXRw,UC1Tr6S-XLBk1NzNX1jErWMg,2020-11-20T13:13:47Z
How MyHeritage DNA Can Reveal Your Ethnic Roots,https://www.youtube.com/watch?v=565OxzGWQUw,UCT_enUFr_ZjlfuA6s55y_Lw,2019-06-02T14:17:58Z
"Ethnicity, environment and health: Jason Gill at TEDxUniversityofGlasgow",https://www.youtube.com/watch?v=sOHavFLSRrE,UCsT0YIqwnpJCM-mx7-gSA4Q,2014-04-12T13:50:59Z
GUESS MY ETHNICITY TikTok Challenge üåèüò± *i lost...*,https://www.youtube.com/watch?v=U_fWeekoBSI,UCEQiEyMO9ci0Y-KwLOF4ysQ,2019-09-18T17:11:05Z
WHAT IS MY ETHNICITY?? Ft. MY MOM | YASMINE SIMONE,https://www.youtube.com/watch?v=QYfkf59ismo,UCct2iyAaiqGrOHSdX9wfHlA,2019-06-09T17:21:52Z
WHAT ETHNICITY AM I? (Taking a DNA test),https://www.youtube.com/watch?v=cbL_JTuqJrE,UCdoRMzGcCBpjKTClFHGI-Yg,2018-06-06T03:00:28Z
What Is Ethnic Cleansing? | NowThis World,https://www.youtube.com/watch?v=7xtNtrvwXXI,UCgRvm1yLFoaQKhmaTqXk9SA,2018-11-08T13:59:55Z
BLM campaigners challenge why Germany does not collect ethnicity data,https://www.youtube.com/watch?v=jr8spaN6sjA,UCTrQ7HXWRRxr7OsOtodr2_w,2020-11-20T19:56:48Z
"Coronavirus, report on ethnicity and mortality",https://www.youtube.com/watch?v=fclDTzvmXOI,UCF9IOB2TExg3QIBupFtBDxg,2020-07-08T13:44:01Z
Introduction to Sociology - Race and Ethnicity - Part 1.,https://www.youtube.com/watch?v=icJb4N7oL5k,UCWbOgmmhIvrmcxKiAF8twPA,2011-03-01T22:51:40Z
Ethiopia&#39;s Ruthless Ethnic Cleansing of Tigrayans,https://www.youtube.com/watch?v=Amv6R3co5aE,UCoS-mm5bC5eY07AaKntKzgw,2022-04-06T08:20:42Z
Is &quot;American&quot; an Ethnicity?,https://www.youtube.com/watch?v=KK3wWyBg7AA,UC1vVNQN-TCy8d3Mb_Owr2Kw,2019-06-22T16:14:37Z
"‡§®‡•É‡§ú‡§æ‡§§‡§ø‡§ï‡§§‡§æ/Ethnicity,‡§™‡•ç‡§∞‡•ã‡§´‡•á‡§∏‡§∞ ‡§∏‡•Å‡§ñ‡§¶‡•á‡§µ",https://www.youtube.com/watch?v=MFVxFe7pR8c,UCa0836QznkVylH85q7aSwiQ,2020-06-03T09:09:38Z
"Study Race, Ethnicity, Conflict (M.Phil) at Trinity",https://www.youtube.com/watch?v=RNx5HzsZgDY,UCVVuAYyOt54zkIT0sezX-4Q,2021-03-09T15:28:58Z
ETHNICITY TAG!,https://www.youtube.com/watch?v=6p9ylDNz7sQ,UC_KQKeg7kNrlvrIXPnpwgEA,2012-11-13T16:22:53Z
RACE vs ETHNICITY | EasyEducation,https://www.youtube.com/watch?v=IeidunnjSHo,UCSGdIBsuwbg_RuJEa1xy2Iw,2016-05-23T18:57:02Z
What&#39;s the Difference Between Race &amp; Ethnicity? | Kamala Harris Family Tree,https://www.youtube.com/watch?v=8qF-IvSqxdE,UC7o-UFkoAPCoKxpKOfrs4zQ,2020-08-07T16:00:02Z
THE CHALLENGE OF CLASS RACE AND ETHNICITY IN AFRICA,https://www.youtube.com/watch?v=mg1V-ahzvhY,UCySxZrJvncsIjQD8T3dx6bw,2020-07-03T15:11:32Z
The Workplace In Review: Ethnicity,https://www.youtube.com/watch?v=1NiN8aS2wkc,UCFZ0wGOa0Q1rdz5LnSe3MhQ,2022-03-21T11:36:13Z
The Ethnicity TAG,https://www.youtube.com/watch?v=cAVA3e56hT4,UCMT3W4oP94ZxbY9jPu8DQZg,2013-04-03T03:43:57Z
"Concept of Race, Ethnicity and Populations (ANT)",https://www.youtube.com/watch?v=XNAiBpGUBak,UCCUr096WDp86n62CXBeHlQw,2016-11-22T09:05:57Z
Ethnic Cleansing of Bosnian Muslims ‚Äîexplained,https://www.youtube.com/watch?v=gMuk3t3NoTU,UCNye-wNBqNL5ZzHSJj3l8Bg,2018-10-09T11:17:57Z
NEPALI ETHNIC GROUP HISTORY IN ENGLISH - NEPALI JATIYE ITIHAS,https://www.youtube.com/watch?v=jzyfmtLE7II,UCEH-5YkUUBwfIAvrEBL2y8A,2019-12-08T16:05:50Z
"Louisiana Creole and Cajuns: What&#39;s the Difference? Race, Ethnicity, History and Genetics",https://www.youtube.com/watch?v=suiDNTDt8AI,UC1vVNQN-TCy8d3Mb_Owr2Kw,2017-05-29T00:27:58Z
"FG: NIGERIA&#39;S PROBLEM IS NIGERIANS, NOT ETHNICITY, RELIGION",https://www.youtube.com/watch?v=VBuwbSfGXzM,UCF5HsNKF1XIZKs8kSXNfbeg,2021-07-01T09:22:52Z
Anely Kiyaro | Ethnic Progressive House Sunset Mix 2022 | By @EPHIMERA Tulum,https://www.youtube.com/watch?v=e6iqD0xJHE4,UCctdP3FK8nFiYwGgWaejWRw,2022-06-02T23:00:11Z
WHAT IS MY ETHNICITY | ancestry test &amp; magazine shoot,https://www.youtube.com/watch?v=szeqiqJfepY,UCiL5ujiDAyEm-e404PocnAQ,2022-04-12T11:14:24Z
GUESS MY ETHNICITY - CUT | Reaction,https://www.youtube.com/watch?v=8_DmW9IndjE,UCa961mgEIqtMaShHv2zzaHA,2020-03-06T16:00:00Z
The ethnicity pay gap explained,https://www.youtube.com/watch?v=1cp5QTRBpaY,UC04P10NX0aoF6A2t1cFFbXw,2017-08-14T20:28:09Z
The impact of Ethnicity on National Unity and Development in Nigeria,https://www.youtube.com/watch?v=dgneHhpgO1A,UCSlUqiHqu4Uk85w_x5PuX9w,2019-08-10T15:03:43Z
World Building: Why Ethnicity is a Powerful Addition  - World Anvil Series,https://www.youtube.com/watch?v=uz0Mmfb3POE,UC1F4eMw3W_rHBfxf9_m1hbw,2018-07-03T18:31:44Z
Best Ethnic Deep Oriental Touch,https://www.youtube.com/watch?v=4H9Z4tRs2E8,UCUopvBtHeCwvIQJwiUI6Wmw,2017-09-12T14:08:01Z
The Ethnicity TAG,https://www.youtube.com/watch?v=cAVA3e56hT4,UCMT3W4oP94ZxbY9jPu8DQZg,2013-04-03T03:43:57Z
Kellyanne Conway asks reporter: ‚ÄôWhat‚Äôs your ethnicity?‚Äô,https://www.youtube.com/watch?v=fHWEKpelJqs,UCgjtvMmHXbutALaw9XzRkAg,2019-07-16T19:38:36Z
I Took the African Ethnicity Test And....,https://www.youtube.com/watch?v=0ds9CiBEwRY,UCGEXpIAHeVlHxk7F8M85xAw,2022-04-17T13:00:00Z
GUESS MY ETHNICITY - CUT | Reaction,https://www.youtube.com/watch?v=8_DmW9IndjE,UCa961mgEIqtMaShHv2zzaHA,2020-03-06T16:00:00Z
"The Ethnic Group In Nigeria (Language, Religion)",https://www.youtube.com/watch?v=4_Xu30nPJso,UCvt2bsfKMKtrgStvu26OdGg,2020-08-01T10:39:37Z
AFRICA IS NOT A COUNTRY | ETHNICITY TAG,https://www.youtube.com/watch?v=FbSbgDW2igw,UCRc153qEa6Jk0gcKpEmTA3A,2017-07-17T18:00:00Z
Posh Is An Ethnicity - Fresh Meat,https://www.youtube.com/watch?v=7xeHyhwj0Cw,UCpO2fnozzeQCTpqPYrvTRtg,2013-12-18T17:00:05Z
"Coi Leray Reveals Her Race, Ethnicity, Nationality (part 2)",https://www.youtube.com/watch?v=66whk4VoCZY,UCxca_6zloKOyPJF_DnSqtKw,2021-03-05T20:52:01Z
Ethnicity and Postcolonial Theory   Paul Gilroy,https://www.youtube.com/watch?v=AnzLhKiVESg,UCi3g6JjzyIR8ZB2xHuJg1-g,2017-10-04T18:23:43Z
WHAT IS MY ETHNICITY | ancestry test &amp; magazine shoot,https://www.youtube.com/watch?v=szeqiqJfepY,UCiL5ujiDAyEm-e404PocnAQ,2022-04-12T11:14:24Z
Ethnicity/Ethnic Groups (special reference to Pakistani society and Culture),https://www.youtube.com/watch?v=792NLjun10U,UCPbp2TzoiYHUC7bXvVyJ3eQ,2020-12-06T15:17:36Z
Kendrick Lamar - Fuck Your Ethnicity - Lyrics,https://www.youtube.com/watch?v=5loF9MVU4qI,UCzYnW2HUrwmR1aMHI-bukHw,2014-11-11T10:41:56Z
What is my ethnicity?,https://www.youtube.com/watch?v=fm1vzJVW3ho,UCeFg1xr6-mWCZM4mzyZUfIw,2020-12-03T20:00:29Z
Sikkim&#39;s ethnic groups &amp; their origins,https://www.youtube.com/watch?v=Mqei4rmzvnc,UCuyRsHZILrU7ZDIAbGASHdA,2021-10-18T06:30:05Z
Ethnicity,https://www.youtube.com/watch?v=vMb8zrEgLhU,UCvxv6MrN3IyE8_SgpwK3iqw,2022-07-26T07:12:08Z
My Ancestry.com Ethnicity DNA results,https://www.youtube.com/watch?v=MdpuGIZfR90,UCqoqVOk3rAR6_bOF3TQc1_A,2014-10-12T04:45:25Z
Cafe De Anatolia - Best Ethnic Deep House 4 (Mix by Billy Esteban),https://www.youtube.com/watch?v=aRULjoe3CEI,UC1Tr6S-XLBk1NzNX1jErWMg,2021-08-13T13:22:17Z
Tag | ETHNICITY TAG | Kaushal Beauty,https://www.youtube.com/watch?v=mZm36D8pqUM,UC5lRKBgDMpPas8-VP3wsh0A,2014-08-18T09:00:00Z
Offramp - Ethnicity,https://www.youtube.com/watch?v=NiEH7hS_4OA,UCnkdF0aNzdW26J4JdrqrqbA,2016-11-22T16:05:04Z
I tried to get every nation in Ethnicity Estimates using only my own pictures,https://www.youtube.com/watch?v=8ywEF_mim48,UCPcABVoFfCK5gDfX0PY1KGg,2020-04-01T15:45:01Z
Ethnicity and conflict: an empirical study,https://www.youtube.com/watch?v=nEG25jXI2e8,UCv9NS6CdNYisaKmHy_Ax1WA,2013-02-11T09:13:51Z
The Race and Ethnicity Hub,https://www.youtube.com/watch?v=YO3ZZkXQCwY,UCXsH4hSV_kEdAOsupMMm4Qw,2021-10-15T14:12:34Z
Lala Baptiste Reveals Her Birth Name and Ethnicity,https://www.youtube.com/watch?v=Q8O7fP08JZ4,UCxca_6zloKOyPJF_DnSqtKw,2019-10-05T18:36:48Z
ETHNICITY TAG || OROMO,https://www.youtube.com/watch?v=DH2cVnAG5cI,UCwkjbtYRM_EHKaLJ-_h500A,2017-03-31T04:50:39Z
REVEALING MY ETHNICITY | ANCESTRY DNA,https://www.youtube.com/watch?v=5xaAxuHEjzw,UCkGyDv3DZjIa4wYsb1aUPaA,2019-05-28T15:45:00Z
"Vlogmadan Day 8: Ethnicity tag (Senegalese, Mauritanian and Fulani)",https://www.youtube.com/watch?v=ijRJ9qtB6BY,UCMCMcxTXaUR9i-ScCF6kykQ,2021-04-20T15:28:37Z
What is Ethnic Studies?,https://www.youtube.com/watch?v=ThsFSN5ZRwE,UCpXrsWw5hYxcsnw39vlA7IA,2022-02-18T15:47:11Z
Ethnic Rhinoplasty | Before and 2 months After,https://www.youtube.com/watch?v=espZ5ZfinDw,UC4dYHYfm9xFxnOMIoCAJLQw,2021-09-25T09:34:54Z
Ethnic Origin of the Japanese,https://www.youtube.com/watch?v=NqCK46kk4VA,UC1vVNQN-TCy8d3Mb_Owr2Kw,2019-05-23T16:22:10Z
Unpacking ethnicity and conflict in Ethiopia: Dr. Tsegaye R Ararssa,https://www.youtube.com/watch?v=6zMUj9QYNTM,UC8yH-uI81UUtEMDsowQyx1g,2021-04-16T20:19:21Z
Race vs Ethnicity vs Nationality vs Religion - 158 | Menopause Taylor,https://www.youtube.com/watch?v=w8C9FuvXqWE,UCSJItwa6IVPGxUVfTHKbwLg,2019-07-23T18:00:05Z
Ethnicity and Educational achievement - Internal factors,https://www.youtube.com/watch?v=Ii9GwnTvJeI,UCx9D5bVS2lmNupqfLZwCJ4A,2015-03-20T11:31:19Z
&#39;Offensive&#39; ethnicity-changing filters,https://www.youtube.com/watch?v=_9D2S07wxd0,UCBwejc-awS-mANgrkHQ5-6A,2020-10-19T12:35:38Z
ETHNICITY TAG!,https://www.youtube.com/watch?v=6p9ylDNz7sQ,UC_KQKeg7kNrlvrIXPnpwgEA,2012-11-13T16:22:53Z
"WHAT THE BIBLE SAYS ABOUT RACE, ETHNICITY, AND ORIGIN with Pastor Rick Warren",https://www.youtube.com/watch?v=L2ELrWu9cLU,UCkvTYtzvEDc7i0ATeWC-wHg,2017-08-22T16:49:00Z
NEPALI ETHNIC GROUP HISTORY IN ENGLISH - NEPALI JATIYE ITIHAS,https://www.youtube.com/watch?v=jzyfmtLE7II,UCEH-5YkUUBwfIAvrEBL2y8A,2019-12-08T16:05:50Z
Why ethnic studies matters | Ron Espiritu | TEDxAmherstCollege,https://www.youtube.com/watch?v=XvvMgujD4i8,UCsT0YIqwnpJCM-mx7-gSA4Q,2014-12-18T22:11:13Z
The ethnicity pay gap explained,https://www.youtube.com/watch?v=1cp5QTRBpaY,UC04P10NX0aoF6A2t1cFFbXw,2017-08-14T20:28:09Z
Which Ethnicity Has The Least Body Odor? #shorts,https://www.youtube.com/watch?v=6y2CjYZj_Mw,UC9HQXWbt14wTdr_Tzc8ZE0A,2021-06-10T21:22:50Z
Tucker: Most important thing to Democrats is ethnicity,https://www.youtube.com/watch?v=UMp69667sos,UCXIJgqnII2ZOINSWNOGFThA,2021-03-09T01:49:20Z
The Challenge We Face: Ethnicity and Aging in the United States,https://www.youtube.com/watch?v=06iscgttD2A,UCDrQaGaHpOav5y7m1SCSJRg,2011-06-15T17:50:14Z
"Q&amp;A: What I do for a living, my ethnicity, career goals etc! | Chase Amie",https://www.youtube.com/watch?v=HCSj1TZ9fWo,UCmOvz7D8O5f-9loWdX2S_LQ,2016-03-26T13:39:36Z
Conway Questions Reporter‚Äôs Ethnicity | The View,https://www.youtube.com/watch?v=wgItorqB-fA,UCeH6qE4V7n5tVwP7NkdrtJg,2019-07-17T20:20:27Z
"Concept of Race, Ethnicity and Populations (ANT)",https://www.youtube.com/watch?v=XNAiBpGUBak,UCCUr096WDp86n62CXBeHlQw,2016-11-22T09:05:57Z
What is behind frequent ethnic tensions in Sindh?,https://www.youtube.com/watch?v=TjTiajkDGSE,UCvm8V4Dwtz0fbPGbpk7RYAg,2022-07-22T15:00:12Z
Understanding Your DNA Ethnicity Results,https://www.youtube.com/watch?v=8nCMrf-yJq0,UC-9GZ7QHKOmLS0APnfz2g1Q,2021-03-30T20:29:30Z
Fuck Your Ethnicity - Kendrick Lamar (Piano Lesson by Matt McCloskey),https://www.youtube.com/watch?v=nFM03CUccsA,UC51DeK-qK6IN_RU4mwjAO8g,2012-03-02T02:32:52Z
"Vlogmadan Day 8: Ethnicity tag (Senegalese, Mauritanian and Fulani)",https://www.youtube.com/watch?v=ijRJ9qtB6BY,UCMCMcxTXaUR9i-ScCF6kykQ,2021-04-20T15:28:37Z
"WHAT THE BIBLE SAYS ABOUT RACE, ETHNICITY, AND ORIGIN with Pastor Rick Warren",https://www.youtube.com/watch?v=L2ELrWu9cLU,UCkvTYtzvEDc7i0ATeWC-wHg,2017-08-22T16:49:00Z
The Race and Ethnicity Hub,https://www.youtube.com/watch?v=YO3ZZkXQCwY,UCXsH4hSV_kEdAOsupMMm4Qw,2021-10-15T14:12:34Z
Ethnic cleansing in the Central African Republic,https://www.youtube.com/watch?v=sG8Fsu9e8oI,UCREPamP892LJnJfJNWYKfPQ,2014-02-12T17:23:12Z
What is Race and Ethnicity? Meaning of Race and Ethnicity in Urdu or Hindi. #Sociology,https://www.youtube.com/watch?v=9W3w-IAwFyg,UCcyamoB8OplQkieeC-6UneQ,2021-09-04T06:23:07Z
Ethnic Rhinoplasty | Before and 2 months After,https://www.youtube.com/watch?v=espZ5ZfinDw,UC4dYHYfm9xFxnOMIoCAJLQw,2021-09-25T09:34:54Z
Why ethnic studies matters | Ron Espiritu | TEDxAmherstCollege,https://www.youtube.com/watch?v=XvvMgujD4i8,UCsT0YIqwnpJCM-mx7-gSA4Q,2014-12-18T22:11:13Z
What is behind frequent ethnic tensions in Sindh?,https://www.youtube.com/watch?v=TjTiajkDGSE,UCvm8V4Dwtz0fbPGbpk7RYAg,2022-07-22T15:00:12Z
Ethnic Origin of the Japanese,https://www.youtube.com/watch?v=NqCK46kk4VA,UC1vVNQN-TCy8d3Mb_Owr2Kw,2019-05-23T16:22:10Z
My Ancestry.com Ethnicity DNA results,https://www.youtube.com/watch?v=MdpuGIZfR90,UCqoqVOk3rAR6_bOF3TQc1_A,2014-10-12T04:45:25Z
Lala Baptiste Reveals Her Birth Name and Ethnicity,https://www.youtube.com/watch?v=Q8O7fP08JZ4,UCxca_6zloKOyPJF_DnSqtKw,2019-10-05T18:36:48Z
Ethnicity and conflict: an empirical study,https://www.youtube.com/watch?v=nEG25jXI2e8,UCv9NS6CdNYisaKmHy_Ax1WA,2013-02-11T09:13:51Z
"&#39;This Situation Has Nothing To Do With Religion, Ethnicity&#39; - Dan Manjang On Plateau Road Killings",https://www.youtube.com/watch?v=vF99mt6mySo,UCgp4A6I8LCWrhUzn-5SbKvA,2021-08-16T12:38:02Z
Akbar Ahmed: Tribalism and Ethnicity are Still Very Important in Traditional Societies,https://www.youtube.com/watch?v=nZwmBG8QJEE,UCi7jxgIOxcRaF4Q54U7lF3g,2013-03-26T15:06:19Z
What is my ethnicity?,https://www.youtube.com/watch?v=fm1vzJVW3ho,UCeFg1xr6-mWCZM4mzyZUfIw,2020-12-03T20:00:29Z
Differential Educational Achievement by Ethnicity - Parental Support,https://www.youtube.com/watch?v=xKP45ZXglvY,UCe83jLdZ3PuqVwAHe6B3U2A,2020-02-19T12:54:20Z
Understanding Your DNA Ethnicity Results,https://www.youtube.com/watch?v=8nCMrf-yJq0,UC-9GZ7QHKOmLS0APnfz2g1Q,2021-03-30T20:29:30Z
The Challenge We Face: Ethnicity and Aging in the United States,https://www.youtube.com/watch?v=06iscgttD2A,UCDrQaGaHpOav5y7m1SCSJRg,2011-06-15T17:50:14Z
"Teaching Kids: Race, Ethnicity &amp; Nationality",https://www.youtube.com/watch?v=WlTzPomcH34,UCSosMJzE__ZQYGElIqCN1qA,2021-02-22T15:00:12Z
Population studies: France&#39;s &#39;ethnicity&#39; taboo,https://www.youtube.com/watch?v=8tdKY7x8Sv8,UCQfwfsi5VrQ8yKZ-UWmAEFg,2017-01-12T13:50:24Z
78 MIN AROUND THE WORLD - Act 2 (Ethnic Deep House dj set),https://www.youtube.com/watch?v=cZpIDOXYxbU,UCvZNcZS5C1msIk7cfT0KUrQ,2017-08-09T15:22:05Z
F*** Your Ethnicity [Clean][Best Edit!] - Kendrick Lamar,https://www.youtube.com/watch?v=exSqLhq_52Q,UC9Qhh90ZOeGGlIlVg2fMjLw,2014-01-13T16:21:00Z
ETHNICITY//ESO-16//UNIT-24,https://www.youtube.com/watch?v=Jmu5DVt7V4o,UCjFZxQCuZ8c6n7zJ2IPmzcg,2021-08-02T00:31:42Z
What ethnicity are you?,https://www.youtube.com/watch?v=3iIb7RZlxT8,UCZ1_aQv6fcdRcDDqs2XzA7w,2020-06-12T05:16:38Z
Cafe De Anatolia - Best Ethnic Deep House 4 (Mix by Billy Esteban),https://www.youtube.com/watch?v=aRULjoe3CEI,UC1Tr6S-XLBk1NzNX1jErWMg,2021-08-13T13:22:17Z
Unpacking ethnicity and conflict in Ethiopia: Dr. Tsegaye R Ararssa,https://www.youtube.com/watch?v=6zMUj9QYNTM,UC8yH-uI81UUtEMDsowQyx1g,2021-04-16T20:19:21Z
ETHNICITY TAG,https://www.youtube.com/watch?v=sfP5tUeyio4,UCcMil2hu5mArMLxZy-GpyAA,2018-03-16T10:21:37Z
ETHNICITY/HERITAGE TAG!!!!,https://www.youtube.com/watch?v=z652gfnFL3Y,UCLxsX7rxDJd1AlxIvLDPBfw,2015-08-11T00:04:26Z
ETHNICITY TAG || ETHIOPIAN üá™üáπ,https://www.youtube.com/watch?v=jwFO6GWCpFc,UCfHQJidNf1e5n7mpxyFNKNg,2016-05-02T01:01:07Z
Camel | Organic House ‚ñ™ Ethnic Deep House ‚ñ™ Electronica ‚ñ™ Folktronica ‚ñ™ Ethno House (2022 DJ Mix),https://www.youtube.com/watch?v=ppsLhqZ7aEU,UCwzwODzBxzW_Cg1LrZWauyw,2021-11-29T16:59:49Z
Cafe De Anatolia ‚Ä¢ 24/7 Live Radio ‚Ä¢ Ethno World | Oriental Radio | Best Ethnic Deep House Music,https://www.youtube.com/watch?v=ZCQB2QETDVA,UC1Tr6S-XLBk1NzNX1jErWMg,2022-06-23T14:44:16Z
Ethnicity Tag - Farah Dhukai,https://www.youtube.com/watch?v=L3rb-yMNVEM,UCpbnSmsoOMbEyiBVgypT3jg,2014-11-27T20:00:10Z
My Mama vs. The Donor Ethnicity. #Shorts,https://www.youtube.com/watch?v=dkBWIeyjwFs,UCCzmXhARScj7wtJ0f2co64A,2022-03-15T23:10:48Z
When people assume your ethnicity üò≠,https://www.youtube.com/watch?v=kGhbWUudO-Y,UC9yadlAEiyOUNa3y4dnuYFg,2021-04-25T20:07:42Z
KUMPUL BARENG ETHNIC INDONESIA | LIVE STREAMING,https://www.youtube.com/watch?v=KXqB0oVuETo,UCDVDoW0L2guADVTi_P-pm3Q,2022-07-26T16:20:37Z
07 Ethnicity &amp; Education (Internal Factors),https://www.youtube.com/watch?v=9-dp9MjMhwQ,UCxapZ6ctPqzWkF3r0nnbaQg,2016-08-05T09:45:43Z
ETHNICITY TAG| AnchalMUA,https://www.youtube.com/watch?v=7FFGaBCyKfg,UCCtWijYhdPPiFmplUnmvLEA,2014-09-22T19:04:17Z
ETHNICITY TAG! - AFGHAN,https://www.youtube.com/watch?v=fg9EuXzWZaA,UCMwJJugT2pXD_lkFPc3Kn5w,2012-12-24T16:44:20Z
"Q&amp;A! Ethnicity, Big Chopping Again, My Career",https://www.youtube.com/watch?v=qdXVFh1OQfc,UCErfl6eQLydUolNvKR5gDVw,2018-02-15T18:41:08Z
Announcing our New Ethnicity Update | Ancestry,https://www.youtube.com/watch?v=sPxaXHjCNsU,UCsc0AQkAh_2cQmxqwD6VWRw,2020-09-14T14:55:13Z
Jania Meshell Reveals Her Ethnicity,https://www.youtube.com/watch?v=nn7LfTtJP2E,UCxca_6zloKOyPJF_DnSqtKw,2019-12-17T19:57:33Z
Which Ethnicity Has The Least Body Odor? #shorts,https://www.youtube.com/watch?v=6y2CjYZj_Mw,UC9HQXWbt14wTdr_Tzc8ZE0A,2021-06-10T21:22:50Z
Ethiopia: Fears upcoming election could fuel ethnic conflict,https://www.youtube.com/watch?v=ZhXvvkYDOwo,UCTrQ7HXWRRxr7OsOtodr2_w,2021-04-30T19:22:13Z
‚âº ‚ñ∫Majnoon - Ethnic Universe for Cafe De Anatolia ‚âΩ live on Rist Istanbul Radio (22.05.2020),https://www.youtube.com/watch?v=0mP1CF6SCdI,UCrJ9Cdr93XCbU_waM0gbBqQ,2020-06-15T16:00:00Z
Discovering Race and Ethnicity Data on data census gov,https://www.youtube.com/watch?v=0TTJZty0JMY,UCQP2vGchSQr_U81ID-E7DHQ,2021-03-12T17:03:57Z
"Ethnic Conflict | Globalization and Ethnicity | Concept, Causes, Examples",https://www.youtube.com/watch?v=bpqCqLAhlYQ,UCbF-wbB4V2_xKN-uCtM45eA,2021-07-03T08:18:27Z
Capital Punishment: Influence of Race and Ethnicity,https://www.youtube.com/watch?v=bl2CEnieOOo,UCh6KFtW4a4Ozr81GI1cxaBQ,2019-03-27T15:45:00Z
Ethnicity and Race in Brazil ... |üá¨üáßUK Reaction,https://www.youtube.com/watch?v=GAhzt63wrYg,UCG967Xht9T-bF4zF_iTlzpg,2021-06-18T21:15:00Z
AncestryDNA Ethnicity Estimates: How it works and Updates for 2021 | Ancestry Australia,https://www.youtube.com/watch?v=LYj-h28IZAA,UCsc0AQkAh_2cQmxqwD6VWRw,2021-09-24T01:10:56Z
Conway Questions Reporter‚Äôs Ethnicity | The View,https://www.youtube.com/watch?v=wgItorqB-fA,UCeH6qE4V7n5tVwP7NkdrtJg,2019-07-17T20:20:27Z
Ethnic Notions,https://www.youtube.com/watch?v=IHMo64KSApQ,UCyOm78dwYL9bqQRze1Obrng,2009-10-28T19:54:26Z
OJU EKO FOR OBA ONIRU  (what will the ethnicity in Islam culture look like in 10 Yrs) #shorts,https://www.youtube.com/watch?v=q0n6cktTT28,UCqTKSjzdeUhB4MlCpTdpMoA,2022-05-05T16:52:28Z
WHAT&#39;S MY ETHNICITY? (Finally taking a DNA test) | SACHEU,https://www.youtube.com/watch?v=pBPCtB6Ef1w,UCYOvwzHL8OmCBEbBO6AdMXQ,2019-05-06T12:49:58Z
AncestryDNA | Accessing Your Next-Generation Ethnicity Estimate | Ancestry,https://www.youtube.com/watch?v=t9IkcPyKWuk,UCsc0AQkAh_2cQmxqwD6VWRw,2018-09-12T23:42:03Z
Racial/Ethnic Differences in IQ Test Scores: The Case for Environmental and Social Justice,https://www.youtube.com/watch?v=RY6-Pvld9dw,UCQXMdmE6mqtKA1b73ekfleA,2021-04-01T15:51:15Z
Ethnicity Matters,https://www.youtube.com/watch?v=OPJ_DtKX82A,UCxlJLtY85dfhc1lZHyoWZqw,2013-08-28T15:09:05Z
Who are the Ethnic Greeks of Mariupol and Ukraine?,https://www.youtube.com/watch?v=FS-N-a-qkvg,UC1Zc6_BhPXiCWZlrZP4EsEg,2022-04-06T18:00:07Z
Reporting Data by Race/Ethnicity:  Examples from the National Center for Education Statistics (NCES),https://www.youtube.com/watch?v=NwhRzBKRXc8,UCwum80I2R4mm49YtOvbOtAw,2017-04-18T16:39:37Z
Coronavirus: &quot;excess deaths&quot; among ethnic minorities to be investigated - BBC News,https://www.youtube.com/watch?v=j11HBSNHy7E,UC16niRr50-MSBwiO3YDb3RA,2020-04-18T21:45:13Z
Define ethnicity |social science Sample paper solution |edulover,https://www.youtube.com/watch?v=KvBflYd6DKc,UCSAa4u9Vye3wFpTO3q3u18g,2020-12-17T03:51:42Z
"Race, Ethnicity &amp; Identity 2014",https://www.youtube.com/watch?v=BUqHBUD5Pe8,UCQi6-30wTMF7xbioD4h5h-g,2014-03-19T19:16:32Z
Ethnicity &amp; Music,https://www.youtube.com/watch?v=mxYk47TtQig,UCj1Jtb8xLUzFAm8J-Q1e1MQ,2017-04-06T19:01:18Z
What‚Äôs my ethnicity??‚ú®,https://www.youtube.com/watch?v=meCmhXzj1CA,UCAEgbq_B5SI8dB56O8sJfSA,2022-06-28T16:45:35Z
Cafe De Anatolia - Best Ethnic Deep House 3 (Mix by Billy Esteban),https://www.youtube.com/watch?v=jKa1x4asz68,UC1Tr6S-XLBk1NzNX1jErWMg,2021-01-29T14:25:05Z
Race and ethnicity: Shining a spotlight on Iran&#39;s Black community ‚Ä¢ FRANCE 24 English,https://www.youtube.com/watch?v=fLBe3AaicGE,UCQfwfsi5VrQ8yKZ-UWmAEFg,2021-07-21T14:56:32Z
Flu Vaccine Effectiveness Varies by Ethnicity,https://www.youtube.com/watch?v=QJtlvLdVD6c,UCKjU3KzdbJE1EFcHVqXC3_g,2016-03-05T03:37:47Z
"The State of the Middle East: Religion, ethnicity and diversity",https://www.youtube.com/watch?v=isxwNqsBxSE,UCmrcWVGNnZSKKrZnzIiAhqw,2016-01-27T08:31:01Z
GUESS MY ETHNICITY 2 TikTok Challenge üåèüò± *i lost... again.*,https://www.youtube.com/watch?v=sZiIBi0l77o,UCEQiEyMO9ci0Y-KwLOF4ysQ,2019-09-28T18:35:28Z
Russia Draws Up Ethnic Battalions Amid Ukraine War Losses | Another Putin Bid To Avoid Mobilization?,https://www.youtube.com/watch?v=zuL-1DAnB-4,UC3prwMn9aU2z5Y158ZdGyyA,2022-07-27T12:30:30Z
Ethnic Azadi Sale Alert 50% Flat Off || Atihnic New Arrival 2022,https://www.youtube.com/watch?v=0eYe8O3sM2s,UCCrkZjqlBF7uP-SBB8ip_Fg,2022-07-26T11:55:24Z
Common App Tip: Should You Leave the Race &amp; Ethnicity Questions on the Common App Blank?,https://www.youtube.com/watch?v=Q6qzs-ctOxU,UCbYI3POKJhDwTISSODGr2ZQ,2020-09-02T20:24:40Z
Gibi ASMR DNA Test | What&#39;s My Ethnicity??,https://www.youtube.com/watch?v=d0UoD2Tb-7U,UCE6acMV3m35znLcf0JGNn7Q,2019-06-28T01:27:51Z
GEO&#39;S ETHNICITY REVEALED!!,https://www.youtube.com/watch?v=fzxjvauxqfQ,UCYmA2vTHngGpBGlxDWEFFtg,2017-01-30T03:40:03Z
Ethnicity &amp; Ethnicity identity,https://www.youtube.com/watch?v=PXXLGGfSlr8,UCaIXqbYp2OJ4fdTM4JqZuDg,2011-04-11T06:29:11Z
BEST OF  PLO LUMUMBA SPEECHES -  &quot;BLOOD OF ETHNICITY IS THICKER THAN THAT OF CHRIST&quot;,https://www.youtube.com/watch?v=4oVsCHlYPjQ,UCgr4V_kC-3JRS3DzFMuvKEg,2017-11-14T14:51:03Z
Ethnicity | Tech Panda &amp; Kenzani | Official Visualizer | 2021,https://www.youtube.com/watch?v=nb2j5bdcrXE,UChgu_4fQM_4pmPwjLDMoD-g,2021-02-20T11:23:26Z
Managing Ethnic skin (Extractions part 2),https://www.youtube.com/watch?v=0aydMTAtHeE,UCrp-0hzLsk2_C8klNCh0DoA,2016-11-05T09:13:47Z
A LOOK AT BIAFRA VIA SWITZERLAND | Will any ethnicity in Biafra dominate the others?,https://www.youtube.com/watch?v=IaD8u1kPMKA,UCdx0lbqLEOD6D-erwXHsMTQ,2020-10-12T09:00:32Z
Missing Elements report: lived experiences of Black and minoritised ethnicity  scientists,https://www.youtube.com/watch?v=TK-0sX_3WFk,UCRaqrYgbZAdqCl-_tpG150Q,2022-03-16T11:58:44Z
"GENDER EQUITY AND EQUALITY IN RELATION TO CASTE, CLASS, RELIGION, ETHNICITY, DISABILITY AND REGION |",https://www.youtube.com/watch?v=i5IsufIY054,UCFLjeTZUIsBLlxKJi1NwYiQ,2021-09-30T03:52:25Z
ANCESTRY DNA RESULTS | WHAT‚ÄôS MY ETHNICITY ?!!,https://www.youtube.com/watch?v=OMR9S-_t6i4,UCqMRqTb5jmblkT32_UiKrhQ,2017-11-21T01:40:15Z
"Stories Of Ethnic Minorities In Hong Kong, UK &amp; India | CNA Correspondent",https://www.youtube.com/watch?v=D2PzFmUnqXo,UC_Lnb8ZHqqgLbp-7hltuT9w,2021-10-07T12:00:05Z
How DNA Ethnicity Algorithms Impact Your DNA Test Results,https://www.youtube.com/watch?v=1Cikj7FI6YM,UCmkKepHoafldMRZ4UNt0Akw,2018-05-29T22:00:01Z
We Are Responsible For Our Problems Not Religion Or Ethnicity - Buhari,https://www.youtube.com/watch?v=DdgLhw_6DjY,UCgp4A6I8LCWrhUzn-5SbKvA,2021-07-01T09:17:04Z
Why Do Grocery Stores Still Have Ethnic Aisles? | Priya Krishna | NYT Cooking,https://www.youtube.com/watch?v=A04D6C9O08g,UC1rIOwTqDuWkFj87HZYRFOg,2021-10-15T21:00:08Z
Ethnicity Tag,https://www.youtube.com/watch?v=OB9VIlf9cLE,UCNFEpj7ipf8LKz9dV3WyQSw,2015-04-22T17:24:58Z
Ethnic Boutique || Epi-56 || Khaddi georgette   ||,https://www.youtube.com/watch?v=Ldv7e-mq2uI,UC3y09CMnv_YcQv54cKY7yPQ,2022-07-23T04:30:04Z
Black Panther - The Politics of Race and Ethnicity,https://www.youtube.com/watch?v=R-Vj89aY788,UCdFhB7qkV2TRACML_kYV-Pg,2018-03-02T07:51:33Z
C1: Media Representations of Ethnicity part 1,https://www.youtube.com/watch?v=dX1_yzAtwZA,UC2YEGWfZ0lihoOD7JNkDx2g,2016-04-22T18:00:47Z
Ethnic Stitched girls collection 2022 //Best Collection for girls,https://www.youtube.com/watch?v=-jqm33oXhrk,UCxqlMXXhPg3PHFMJEYxRqBQ,2022-07-25T12:09:26Z
Ancestry DNA vs MyHeritage DNA: Who as Best Genetic Ethnicity Groups?,https://www.youtube.com/watch?v=LtbJ5t_Vy8E,UCmkKepHoafldMRZ4UNt0Akw,2021-03-03T17:00:13Z
Population studies: France&#39;s &#39;ethnicity&#39; taboo,https://www.youtube.com/watch?v=8tdKY7x8Sv8,UCQfwfsi5VrQ8yKZ-UWmAEFg,2017-01-12T13:50:24Z
Curb Your Enthusiasm - Ethnicity or  great sex?? Hmmmm....  - Season 8 Ep. 3,https://www.youtube.com/watch?v=I_OA_TU_XD0,UCI4xezFRlpZ2I-aqRGI33NA,2011-07-25T15:56:43Z
"Ethnicity Q&amp;A | Interracial Marriage, Telling Our Parents + AWKWARD Questions",https://www.youtube.com/watch?v=G08JAsAzmbw,UCpE9Svzi47oOqD-TEVM5pcQ,2021-06-13T15:03:23Z
Social Anthropology(part 6),https://www.youtube.com/watch?v=rO9Y4YsrokM,UCdGD3M-pKl4KY07qOuBHdBw,2020-11-06T11:03:00Z
Try to guess my ethnicity (I bet you can&#39;t),https://www.youtube.com/watch?v=idNRK1siWnI,UCTdMhilGQIL_Cava5S5GriA,2021-11-30T18:00:26Z
The Ethnicity Tag,https://www.youtube.com/watch?v=6wc-HbKCADY,UCqsZmyAVSm7ot2k9PAdimSg,2015-09-30T16:28:19Z
The Ethnicity of the Sea Peoples ~ Dr. Woudhuizen ~ Bronze Age Collapse,https://www.youtube.com/watch?v=e9cvxgV2zWI,UCxRSpkGOH_09pxKvgD8S5jQ,2019-12-05T17:34:51Z
On customs and culture of Kazakh ethnicity | Dariga Sakyen | TEDxUlaanbaatar,https://www.youtube.com/watch?v=f_WVBAjVbUc,UCsT0YIqwnpJCM-mx7-gSA4Q,2021-06-24T18:26:39Z
Blame Reference Populations If Your DNA Ethnicity Results Are Wrong,https://www.youtube.com/watch?v=ScZtHuU78n4,UCmkKepHoafldMRZ4UNt0Akw,2018-05-15T16:00:04Z
On customs and culture of Kazakh ethnicity | Dariga Sakyen | TEDxUlaanbaatar,https://www.youtube.com/watch?v=f_WVBAjVbUc,UCsT0YIqwnpJCM-mx7-gSA4Q,2021-06-24T18:26:39Z
Race and Ethnicity,https://www.youtube.com/watch?v=aDz3BJDPXHA,UCMeZcBPsW5V19JJtV1D0cqg,2010-10-27T22:27:53Z
The Chap - Ethnic Instrument,https://www.youtube.com/watch?v=qbkvuWQVRVE,UCJT7veyt0EXujaSKw0C8ZDw,2008-04-14T16:10:14Z
The Togolese Tag/ Ethnicity Tag,https://www.youtube.com/watch?v=VP_4fAeJvhA,UCYkYWVWgIYF4cdTWJS1pDRQ,2017-09-11T12:21:05Z
MyHeritage DNA Test Results Lebanese Girl Shocking True Ethnicity - Professional Genealogist Reacts,https://www.youtube.com/watch?v=HHHzaAIyLZQ,UCm_QNoNtgi2Sk4H9Y2SInmg,2020-12-07T18:45:58Z
My Ethnicity,https://www.youtube.com/watch?v=3G9ANhi5gO8,UCTvEwp6ORpFAdAiuTJU48Cg,2022-03-28T16:23:29Z
Burnaboy Nengi Timaya all in Ijaw ethnic group @Burna Boy  @OfficialTimaya,https://www.youtube.com/watch?v=mc4WcS0l4z4,UCU7nmfH9gjl1c-NW-qesxSg,2022-03-06T00:24:51Z
Jaylyn&#39;s (ethnic nose job)  Rhinoplasty and Facial Contouring Surgery recovery timeline - One month!,https://www.youtube.com/watch?v=rSY7gcZw1RI,UCvxxG6vVdIpDdH1kxaWfBUw,2021-10-22T22:00:18Z
Rubi Rose ethnicity #shorts,https://www.youtube.com/watch?v=QXeKh-AWGDM,UCefoMW-mGMRVs0wP_I8SZyw,2021-02-22T18:41:37Z
Ethnic Composition of Belgium &amp; Sri Lanka | Power Sharing | Civics | Class 10th,https://www.youtube.com/watch?v=ZAPwNhk-UCY,UC3HS6gQ79jjn4xHxogw0HiA,2019-07-12T05:20:45Z
Professor O. E. Uya: Ethnicity in Nigeria &amp; the concept of Old Calabar,https://www.youtube.com/watch?v=VC0q1l2q508,UC-niiyOTD5s1WzflwgmFx8w,2022-03-30T12:06:26Z
"Nigerians are the problem, not ethnicity or religion- Buhari",https://www.youtube.com/watch?v=5YOI5r6W7kw,UCBzu4YqGiBxBD8pq8NiBuKw,2021-07-01T13:30:55Z
Apgujeong | Shopping | &amp; Ethnicity Q&amp;A ÏïïÍµ¨Ï†ï &amp; ÏáºÌïë &amp; ÏïÑÎÇ¥Ïùò ÌòàÌÜµ (ÏûêÎßâ CC),https://www.youtube.com/watch?v=6IdW7gCvZe4,UCzBSniXfdMsBNf4bK-giY8w,2015-03-29T13:39:11Z
The Ethnicity Tag: South Sudanese,https://www.youtube.com/watch?v=QweBaOoi15k,UCfrktWKooYCfYjOVoeZjHDA,2018-01-08T20:07:49Z
what do you know about your ethnicity?,https://www.youtube.com/watch?v=zGiTn8AziuM,UCWsI4dAfQBNVG80K1ILxMQw,2022-07-27T18:57:31Z
1.3 Billion: Breaking Down the Han Chinese Ethnicity,https://www.youtube.com/watch?v=R4o8_usZjlQ,UC1LpsuAUaKoMzzJSEt5WImw,2018-08-13T18:52:27Z
"Fostering Unity: Group says ethnicity, religion key to promoting peace",https://www.youtube.com/watch?v=RFGcqpNziZ4,UC9JFveYBOFeRqlcVPZCHMkA,2021-12-13T16:11:38Z
Meesho haul| Ethnic wear| kurthi &amp; bottom wear| meesho ‡¥Ø‡¥ø‡µΩ ‡¥®‡¥ø‡¥®‡µç‡¥®‡µÅ‡¥Ç ‡¥™‡µÅ‡¥§‡µç‡¥§‡µª ‡¥â‡¥ü‡µÅ‡¥™‡µç‡¥™‡µÅ‡¥ï‡µæ ‡¥µ‡¥æ‡¥ô‡µç‡¥ô‡¥ø.,https://www.youtube.com/watch?v=cAU6YKa8RMg,UCqj1rr7ITuD6Tes-wb7Q27A,2022-07-28T13:30:08Z
Revealing My Ethnicities!,https://www.youtube.com/watch?v=sNaPxM1_pjA,UC9yadlAEiyOUNa3y4dnuYFg,2022-03-26T16:00:22Z
Rylo Rodriguez Reveals Origin Of His Name and Ethnicity,https://www.youtube.com/watch?v=qgou6prVjso,UCxca_6zloKOyPJF_DnSqtKw,2019-03-25T20:05:26Z
"Teaching About Race, Ethnicity, and Crime",https://www.youtube.com/watch?v=5D3cC71GaSM,UCBvwezCD-116EczfhJIO5SQ,2020-07-16T16:43:44Z
What Are We? Ethnicity/DNA RESULTS + Are We Identical or Fraternal?,https://www.youtube.com/watch?v=PBfi1pffvJc,UCqRX-HCZf5HN3eRDhH_HVHQ,2017-11-17T22:11:13Z
Amour Jayda Reveals Origin Of Her Name and Ethnicity,https://www.youtube.com/watch?v=SjELJ2N73fs,UCxca_6zloKOyPJF_DnSqtKw,2019-01-08T21:07:55Z
How many generations back is 3% ethnicity in your DNA test results?,https://www.youtube.com/watch?v=9hbE4Vihf4g,UCmkKepHoafldMRZ4UNt0Akw,2021-04-14T16:00:14Z
Trend in Ethnic Touch ‚ú®Ô∏è #youtubeshorts #youtube #transition #vanshikasardana #thevbuzz,https://www.youtube.com/watch?v=SpIAduLXPHk,UCxO37pNBr9c758B8Pja1Fsw,2022-07-28T04:33:02Z
Sajanka - Ethnic Serenade 170BPM,https://www.youtube.com/watch?v=0gXqCAEn-Tg,UCCJVBJBLDRGfew3qt2jG8Gg,2019-03-28T14:47:29Z
Ethnicities of Austria-Hungary,https://www.youtube.com/watch?v=0XlCCXKTioE,UCYeDOHzx3Juxlpsq-TrScwQ,2022-07-25T20:17:31Z
Husband Does AncestryDNA | FINDS OUT HE&#39;S RELATED TO WIFE | ETHNICITY RESULTS,https://www.youtube.com/watch?v=W0xb5GpcGfk,UCblAe4rreZY5vxLP6yQH2AQ,2020-12-17T23:00:10Z
Who are the Filipinos: Ethnic groups of the Philippines,https://www.youtube.com/watch?v=lWlcqdEr-Ks,UCtKkHPvknc1PCTC75kidrDA,2021-07-26T15:04:11Z
Ethnicity in Afghanistan - Thomas Barfield,https://www.youtube.com/watch?v=UCVIl6_9jz8,UCComKOHir2WrDuRZXP8DT-A,2015-10-04T15:22:05Z
Balkan Ethnic Orchestra: A New Flavour For Producers,https://www.youtube.com/watch?v=QhZ7jz0JRck,UCbzNcFN7cxA8HO18cTYyTfg,2018-02-06T14:00:03Z
"E18 - Race, ethnicity, and racism in sports coaching - Experts in Sport",https://www.youtube.com/watch?v=ujBs0lzWua4,UCSqYVbwak5Y7KipjhzlJnjw,2020-07-29T14:37:40Z
Ethnic dad savage rebuttals,https://www.youtube.com/watch?v=SmBYaRPrJHQ,UCHTEg38eXCw7QJAeCXu46zw,2022-06-05T00:11:13Z
THINGS ETHNIC DADS SAY,https://www.youtube.com/watch?v=791SxeuIh2A,UCHTEg38eXCw7QJAeCXu46zw,2017-02-20T01:11:02Z
PASAR UMKM ETHNIC INDONESIA | LIVE STREAMING,https://www.youtube.com/watch?v=xRaKe0zslQ8,UCDVDoW0L2guADVTi_P-pm3Q,2022-07-27T17:41:14Z
Ethnic grandparents | Joe Avati | Live Standup Comedy,https://www.youtube.com/watch?v=FrBKEpNezBU,UCZg0qbE4MQNcFp52d5b4QBA,2021-06-28T14:00:08Z
ANCESTRY CHANGED MY DNA RESULTS!! NEW ETHNICITY ESTIMATES,https://www.youtube.com/watch?v=QosdXCx_Gw4,UCfwLe5uqgFLTc_mjFupPq6w,2018-10-18T17:42:12Z
Centre On Dynamics of Ethnicity: Racist banter is no laughing matter!,https://www.youtube.com/watch?v=0CCDBpuEJbU,UCb8fvnW_oO5EsjV1X3ENS6g,2017-05-05T07:44:08Z
Ethnic BAND - Gel G√∂r Beni,https://www.youtube.com/watch?v=7jR1JWQwqNo,UCQEWqKfkn7EewOuHxKXd_NA,2014-03-19T14:05:51Z
ETHNICITY TAG| Aminata,https://www.youtube.com/watch?v=LZ81MOj_vII,UCJ8EwkkZ_WSP4L7cwdoQudg,2016-06-19T23:54:36Z
Nightmares on wax- ethnic majority,https://www.youtube.com/watch?v=-BKj4rS7xKM,UCaedV6NJPEXMTdSRzYntIxw,2016-10-26T21:02:57Z
Let‚Äôs scan my ethnicity!üò≥üá´üá∑üá∫üá∏üá©üá™üáØüáµüáßüá∑? #ethnicity,https://www.youtube.com/watch?v=Y3EuptUEgrE,UCbiJrj6eoDzv1uF4whGFVIA,2022-02-25T13:00:15Z
our ethnicity revealed,https://www.youtube.com/watch?v=P_C553BPp3g,UCU0eCWO-6ucZuCMAYTXwTdw,2022-05-22T06:00:05Z
Best Ethnic Food | Great Taste | All Def,https://www.youtube.com/watch?v=9RhzcMqwj8U,UC0vRcJh1-GQL_V4qm5F6xFw,2020-03-07T14:00:02Z
Why We Need Ethnic Studies in High School | Hannah Gedion | TEDxManhattanBeach,https://www.youtube.com/watch?v=-T0PPOTcVtM,UCsT0YIqwnpJCM-mx7-gSA4Q,2022-03-29T15:32:07Z
Lil Mexico Reveals His Ethnicity,https://www.youtube.com/watch?v=Q_7ZMHe4cdA,UCxca_6zloKOyPJF_DnSqtKw,2020-07-16T18:28:15Z
Relationships &amp; Processes within Schools - Ethnicity &amp; Subcultures | A Level Sociology,https://www.youtube.com/watch?v=aSH90Fzh1YE,UCe83jLdZ3PuqVwAHe6B3U2A,2020-11-27T18:08:09Z
Ethnic Zorigoo ft Zaya (tatar)   Khuleg baatar Official music video 2014,https://www.youtube.com/watch?v=el93MIxAf-c,UCZO1ziZ2nxnXjQnNLGd5ZWQ,2014-01-04T08:34:18Z
Can a Asian Boy Guess The Ethnicity of Foreigners? (incredibly pogchamp),https://www.youtube.com/watch?v=vmxDeJrRAb0,UCO4ebfxmnvAAEytkqew6dCQ,2021-01-11T16:00:14Z
Ethnicity vs Religion; A Comparative Analysis-Apostle Manasseh Dogon,https://www.youtube.com/watch?v=o8G0JzM5NfE,UCWXqnPlozkQMCg_NHvOlEDQ,2021-10-24T22:41:15Z
Trend in Ethnic Touch ‚ú®Ô∏è #youtubeshorts #youtube #transition #vanshikasardana #thevbuzz,https://www.youtube.com/watch?v=SpIAduLXPHk,UCxO37pNBr9c758B8Pja1Fsw,2022-07-28T04:33:02Z
Sajanka - Ethnic Serenade 170BPM,https://www.youtube.com/watch?v=0gXqCAEn-Tg,UCCJVBJBLDRGfew3qt2jG8Gg,2019-03-28T14:47:29Z
Ethnicities of Austria-Hungary,https://www.youtube.com/watch?v=0XlCCXKTioE,UCYeDOHzx3Juxlpsq-TrScwQ,2022-07-25T20:17:31Z
Husband Does AncestryDNA | FINDS OUT HE&#39;S RELATED TO WIFE | ETHNICITY RESULTS,https://www.youtube.com/watch?v=W0xb5GpcGfk,UCblAe4rreZY5vxLP6yQH2AQ,2020-12-17T23:00:10Z
Balkan Ethnic Orchestra: A New Flavour For Producers,https://www.youtube.com/watch?v=QhZ7jz0JRck,UCbzNcFN7cxA8HO18cTYyTfg,2018-02-06T14:00:03Z
"E18 - Race, ethnicity, and racism in sports coaching - Experts in Sport",https://www.youtube.com/watch?v=ujBs0lzWua4,UCSqYVbwak5Y7KipjhzlJnjw,2020-07-29T14:37:40Z
Ethnic dad savage rebuttals,https://www.youtube.com/watch?v=SmBYaRPrJHQ,UCHTEg38eXCw7QJAeCXu46zw,2022-06-05T00:11:13Z
THINGS ETHNIC DADS SAY,https://www.youtube.com/watch?v=791SxeuIh2A,UCHTEg38eXCw7QJAeCXu46zw,2017-02-20T01:11:02Z
PASAR UMKM ETHNIC INDONESIA | LIVE STREAMING,https://www.youtube.com/watch?v=xRaKe0zslQ8,UCDVDoW0L2guADVTi_P-pm3Q,2022-07-27T17:41:14Z
Ethnic grandparents | Joe Avati | Live Standup Comedy,https://www.youtube.com/watch?v=FrBKEpNezBU,UCZg0qbE4MQNcFp52d5b4QBA,2021-06-28T14:00:08Z
ANCESTRY CHANGED MY DNA RESULTS!! NEW ETHNICITY ESTIMATES,https://www.youtube.com/watch?v=QosdXCx_Gw4,UCfwLe5uqgFLTc_mjFupPq6w,2018-10-18T17:42:12Z
Centre On Dynamics of Ethnicity: Racist banter is no laughing matter!,https://www.youtube.com/watch?v=0CCDBpuEJbU,UCb8fvnW_oO5EsjV1X3ENS6g,2017-05-05T07:44:08Z
Ethnic BAND - Gel G√∂r Beni,https://www.youtube.com/watch?v=7jR1JWQwqNo,UCQEWqKfkn7EewOuHxKXd_NA,2014-03-19T14:05:51Z
ETHNICITY TAG| Aminata,https://www.youtube.com/watch?v=LZ81MOj_vII,UCJ8EwkkZ_WSP4L7cwdoQudg,2016-06-19T23:54:36Z
Nightmares on wax- ethnic majority,https://www.youtube.com/watch?v=-BKj4rS7xKM,UCaedV6NJPEXMTdSRzYntIxw,2016-10-26T21:02:57Z
Let‚Äôs scan my ethnicity!üò≥üá´üá∑üá∫üá∏üá©üá™üáØüáµüáßüá∑? #ethnicity,https://www.youtube.com/watch?v=Y3EuptUEgrE,UCbiJrj6eoDzv1uF4whGFVIA,2022-02-25T13:00:15Z
our ethnicity revealed,https://www.youtube.com/watch?v=P_C553BPp3g,UCU0eCWO-6ucZuCMAYTXwTdw,2022-05-22T06:00:05Z
Best Ethnic Food | Great Taste | All Def,https://www.youtube.com/watch?v=9RhzcMqwj8U,UC0vRcJh1-GQL_V4qm5F6xFw,2020-03-07T14:00:02Z
Why We Need Ethnic Studies in High School | Hannah Gedion | TEDxManhattanBeach,https://www.youtube.com/watch?v=-T0PPOTcVtM,UCsT0YIqwnpJCM-mx7-gSA4Q,2022-03-29T15:32:07Z
Lil Mexico Reveals His Ethnicity,https://www.youtube.com/watch?v=Q_7ZMHe4cdA,UCxca_6zloKOyPJF_DnSqtKw,2020-07-16T18:28:15Z
Ethnic Zorigoo ft Zaya (tatar)   Khuleg baatar Official music video 2014,https://www.youtube.com/watch?v=el93MIxAf-c,UCZO1ziZ2nxnXjQnNLGd5ZWQ,2014-01-04T08:34:18Z
Can a Asian Boy Guess The Ethnicity of Foreigners? (incredibly pogchamp),https://www.youtube.com/watch?v=vmxDeJrRAb0,UCO4ebfxmnvAAEytkqew6dCQ,2021-01-11T16:00:14Z
Ethnicity vs Religion; A Comparative Analysis-Apostle Manasseh Dogon,https://www.youtube.com/watch?v=o8G0JzM5NfE,UCWXqnPlozkQMCg_NHvOlEDQ,2021-10-24T22:41:15Z
Centre On Dynamics of Ethnicity: Racism is not water off a duck‚Äôs back,https://www.youtube.com/watch?v=VXCFNXqaFhE,UCb8fvnW_oO5EsjV1X3ENS6g,2017-05-05T07:44:08Z
ETHNICITY TAG! | HALSSA,https://www.youtube.com/watch?v=Cbg-sLl6TCE,UCtfYB2R3uw95A4ixjeevfbA,2016-04-30T22:30:36Z
I‚Äòm from ü§≠üáÆüáπüá©üá™üáßüá∑‚ÅâÔ∏è #trend #ethnicity #parents,https://www.youtube.com/watch?v=hzjxZ1Q29KU,UCbiJrj6eoDzv1uF4whGFVIA,2022-03-15T15:00:20Z
High Blood Pressure - Risk Factors From Race or Ethnicity,https://www.youtube.com/watch?v=K0jLbEPuRmw,UCB5a4eG55pmif3c2OXodIYw,2022-06-28T12:21:05Z
Lil Perfect Reveals Origin Of Her Name and Ethnicity,https://www.youtube.com/watch?v=f0yq-lMfHwQ,UCxca_6zloKOyPJF_DnSqtKw,2019-03-15T19:11:06Z
Finding Out My Real Ethnicity With A DNA Test! (did not expect this!),https://www.youtube.com/watch?v=meIqeh64YUA,UCumDKkURYIw_dKqtn9hN-Ew,2021-03-03T16:00:30Z
"2021 Data Summit Series: Data About Race, Ethnicity, and Ancestry",https://www.youtube.com/watch?v=NxbIxS6B0Ts,UCQP2vGchSQr_U81ID-E7DHQ,2021-07-27T13:20:54Z
Siantar Rap Foundation | BK Ethnic | Official Music Video,https://www.youtube.com/watch?v=gBVQJNshb90,UCX9AkEAyZH9hjRZfvn67zJg,2017-03-21T02:00:03Z
Cafe De Anatolia - Most Beautiful Songs 2022 (Best Ethnic Deep House),https://www.youtube.com/watch?v=p3qF4NJCfXk,UC1Tr6S-XLBk1NzNX1jErWMg,2022-04-01T15:05:20Z
MadGalKris Reveals Her Ethnicity,https://www.youtube.com/watch?v=gTWn0MY1SQE,UCxca_6zloKOyPJF_DnSqtKw,2020-03-27T17:28:43Z
"Deep Multi-Task Learning Network For Emotion, Age, Ethnicity Classification.",https://www.youtube.com/watch?v=GAVBa-STnKY,UCYDnWqufPSK4dxqgNKPbG9A,2019-09-16T14:06:40Z
Young Lyric Reveals Origin Of Her Name and Ethnicity,https://www.youtube.com/watch?v=EnpSjIonYPI,UCxca_6zloKOyPJF_DnSqtKw,2019-03-17T18:17:33Z
DrugRixh Hect Reveals Origin Of His Name and Ethnicity,https://www.youtube.com/watch?v=MWwm8lt00AI,UCxca_6zloKOyPJF_DnSqtKw,2017-03-14T21:18:53Z
‡¥™‡µÜ‡¥∞‡µç‚Äç‡¥´‡µç‡¥Ø‡µÇ‡¥Æ‡¥ø‡¥®‡µç‡¥±‡µÜ ‡¥ó‡¥®‡µç‡¥ß‡¥Ç ‡¥è‡¥±‡µÜ ‡¥®‡µá‡¥∞‡¥Ç ‡¥®‡¥ø‡¥≤‡¥®‡¥ø‡¥≤‡µç‚Äç‡¥ï‡µç‡¥ï‡¥æ‡¥®‡µç‚Äç ‡¥à ‡¥§‡µÜ‡¥±‡µç‡¥±‡µÅ‡¥ï‡¥≥‡µç‚Äç ‡¥í‡¥¥‡¥ø‡¥µ‡¥æ‡¥ï‡µç‡¥ï‡¥æ‡¥Ç | Ethnic Health Court,https://www.youtube.com/watch?v=tyTmKmKHzHA,UC55w4h52GwDFLwKerARarGA,2022-07-27T14:30:15Z
Who are the Maasai People? The Most Popular Ethnic Group in Africa,https://www.youtube.com/watch?v=aM5qcUhYD5o,UCNqxdvYmx88UUNWbTLZ4P4w,2022-07-28T21:00:00Z
My most asked question? #ethnicity üëÄ,https://www.youtube.com/watch?v=_2tn_NJ6-PE,UCZftXK4ZExBS94yyKnkn5vw,2021-06-01T13:21:57Z
ETHNICITY AND RELIGION AS INSTRUMENT OF INSECURITY IN NIGERIA.,https://www.youtube.com/watch?v=jP-CjQZSuDg,UCejJ9s9jQLbadFywH7g0r8Q,2021-11-28T12:26:54Z
ETHNICITY TAG (Ethiopian üá™üáπ/Eritrean üá™üá∑) LuKi EP. 8,https://www.youtube.com/watch?v=_NylK9O2oAk,UChKZp4_56H3Lf5kEIppk7ng,2018-12-17T05:22:12Z
ETHNICITY TAG : les choses tournent mal,https://www.youtube.com/watch?v=h0h_Spi9kwc,UCcjUx8m_x828YMVLlbfXlhA,2020-10-05T19:10:28Z
"Hollywood Dollz Reveal Origin Of Their Name, Name Changes, Ethnicity",https://www.youtube.com/watch?v=RHuW4RSsMhM,UCxca_6zloKOyPJF_DnSqtKw,2019-05-17T18:56:49Z
MY ETHNICITY | Marriage Maintenance,https://www.youtube.com/watch?v=9mD_V9TDnc4,UCu0mIG29IaDTwkKm0fjHRdg,2016-03-12T17:29:07Z
Rishi Sunak Vs Liz Truss l Is UK Ready For An Ethnic Minority PM After Boris Johnson‚Äôs Ouster?,https://www.youtube.com/watch?v=bAmQzN97JVw,UC3prwMn9aU2z5Y158ZdGyyA,2022-07-22T14:44:01Z
What‚Äôs your ethnicity/ nationality?? #shorts #tiktok #acting,https://www.youtube.com/watch?v=4Ha4wSaOfUs,UCqww9ApXdeuudYgdtMwt8uA,2022-06-23T23:29:04Z
Work Outfits Part 2 - Indian Ethnic wear,https://www.youtube.com/watch?v=fMzXI6jKOls,UCa25AzX_P5GE4QW8NYkjzHA,2022-03-31T15:00:16Z
Ethnic dads saying celebrity &amp; movie names,https://www.youtube.com/watch?v=6QoXxdP7uv8,UCHTEg38eXCw7QJAeCXu46zw,2022-05-22T11:09:00Z
"Shun religious bigotry, ethnicity, group urges youths",https://www.youtube.com/watch?v=feziZqYf9io,UC4_wKYII2PKPomxql2jfKgg,2022-01-05T17:16:29Z
"Ethnic dads interview the prime minister, Scott Morrison",https://www.youtube.com/watch?v=-Atz4Z9hc8A,UCHTEg38eXCw7QJAeCXu46zw,2021-10-27T21:06:35Z
Live: Tracing the roots of the Wa ethnic group in SW China,https://www.youtube.com/watch?v=qF5fqx3IWfI,UCgrNz-aDmcr2uuto8_DL2jg,2020-11-09T03:04:05Z
What is the Ethnicity of each Primarch? | Warhammer 40k Lore,https://www.youtube.com/watch?v=9E0mAK_q5Js,UC_wb8IVtmXwil8bN3IdVtZw,2021-10-08T12:13:18Z
Trends in High School Status Dropout Rates by Race/Ethnicity,https://www.youtube.com/watch?v=dS-uyDCBm98,UCwum80I2R4mm49YtOvbOtAw,2018-08-13T21:16:40Z
"What Did Jesus REALLY Look Like? Ethnicity, Hair, Skin, Eyes, Body Type.",https://www.youtube.com/watch?v=b4QcSqOgKhM,UCIjGKyrdT4Gja0VLO40RlOw,2021-07-25T21:07:51Z
Ethnic Outfitters Sale 80% Flat OFF | Branded Cut Piece Lahore,https://www.youtube.com/watch?v=aHAbyZfxigs,UCX3pSwlzvm4ySy27Nx-AUvw,2022-07-25T13:31:56Z
Ethnic meaning in Hindi | Ethnic ‡§ï‡§æ ‡§π‡§ø‡§Ç‡§¶‡•Ä ‡§Æ‡•á‡§Ç ‡§Ö‡§∞‡•ç‡§• | explained Ethnic in Hindi,https://www.youtube.com/watch?v=ONJ77Es4C00,UCnaFACyDcpvlLBSLT_VWlqA,2020-03-08T06:45:00Z
News Wrap: Ethnic mass killing in Ethiopia claims more than 200 lives,https://www.youtube.com/watch?v=AT44OeZyZQ0,UC6ZFN9Tx6xh-skXCuRHCDpQ,2022-06-19T21:19:16Z
The Ethnicity Tag,https://www.youtube.com/watch?v=VUm1edvJH34,UCBcnp0lY6HZZcI-cNUO_CYA,2016-06-22T14:44:42Z
Redefining Race and Ethnicity in the US,https://www.youtube.com/watch?v=VA7La5JgOUk,UCVSNOxehfALut52NbkfRBaA,2011-03-14T16:36:08Z
ETHNICITY TAG | FRANCAIS | HONEYSHAY,https://www.youtube.com/watch?v=H9S4DzB-giI,UC0HbcIAd7rTtR53OnXuQX3g,2016-12-07T11:30:00Z
ETHNICITY TAG | SAIMASCORNER,https://www.youtube.com/watch?v=-xgmm9ZHEes,UCxHDqIT6Dsp31_cbuU_YfaA,2017-03-25T15:18:11Z
Ethnic BAND &amp; Manga Ferman Akg√ºl - Ben Bu A≈ükƒ±n √áilesini (TRT),https://www.youtube.com/watch?v=1XhO13-mupw,UCQEWqKfkn7EewOuHxKXd_NA,2014-03-20T15:42:01Z
"SHS 21st Literature Q1 Ep 1 Geographic , Linguistic,  and Ethnic Dimensions of the Philippine",https://www.youtube.com/watch?v=8mVtJQU6XSo,UCwQhhYZDmqyNj9hjJ-xH0rw,2021-01-19T10:43:44Z
THINGS ETHNIC MOTHERS SAY,https://www.youtube.com/watch?v=3QOo7a_gsiE,UCHTEg38eXCw7QJAeCXu46zw,2017-03-26T23:26:25Z
What Do People Assume About Your Ethnicity? | Reverse Assumptions,https://www.youtube.com/watch?v=zbpYqzDo2PQ,UCaDVcGDMkvcRb4qGARkWlyg,2017-12-21T15:29:46Z
Ethnicity and Crime - Reasons for Differences in Offending by Ethnicity | A Level Sociology,https://www.youtube.com/watch?v=LN211T_bHlE,UCe83jLdZ3PuqVwAHe6B3U2A,2020-11-25T14:48:07Z
Janpath Market New Delhi |Cheapest APRIL Collection2022|Thrift Ethnic wear|Latest Trendy Collection,https://www.youtube.com/watch?v=QfkRczjO7sA,UCXve3OT0kiLE2GTA3eiGEbw,2022-04-01T09:57:41Z
Ethnic Eid Collection 2022 || Luxury pret,https://www.youtube.com/watch?v=xJ1jHPp6Pl4,UCJJFxBqDie3Omq8WGY6enmQ,2022-03-04T15:32:57Z
Yanni - On Sacred Ground (Ethnicity Tour 2003),https://www.youtube.com/watch?v=A92L2har3Sk,UCg8qJSVeyaEAoAmLkYPtWbw,2013-11-13T00:46:21Z
"Ethnicity Q&amp;A | Interracial Marriage, Telling Our Parents + AWKWARD Questions",https://www.youtube.com/watch?v=G08JAsAzmbw,UCpE9Svzi47oOqD-TEVM5pcQ,2021-06-13T15:03:23Z
"Why faraway Azerbaijan &amp; Armenia are fighting: Witch‚Äôs brew of ethnicity, religion, geography &amp; oil",https://www.youtube.com/watch?v=LW4j2MP29ns,UCuyRsHZILrU7ZDIAbGASHdA,2020-09-29T16:00:46Z
MIXED RACE COUPLE TOOK A DNA TEST BEFORE HAVING KIDS!  Our Ethnicity &amp; Genes?! ~ Emi &amp; Chad,https://www.youtube.com/watch?v=Vnq9VCYQmzM,UCvGEK5_U-kLgO6-AMDPeTUQ,2020-03-26T12:05:42Z
Ethnic Eid collection 2022,https://www.youtube.com/watch?v=6_lpuMLUM6I,UCJJFxBqDie3Omq8WGY6enmQ,2022-04-12T15:40:52Z
Bosnia&#39;s Fragile Peace: Ethnicity Still Divides,https://www.youtube.com/watch?v=0RtEaXiEAnY,UCJcoPrmCdVhGqOmPspWy2uA,2010-01-07T01:10:44Z
"Launch of 2021 Multidimensional Poverty Index: Unmasking disparities by ethnicity, caste and gender",https://www.youtube.com/watch?v=s_LxzxPkUZY,UCagCOAfZBpsTOlAJq_vcWbw,2021-10-07T21:18:21Z
Centre On Dynamics of Ethnicity: Is the customer always right?,https://www.youtube.com/watch?v=Idby6U9e-kw,UCb8fvnW_oO5EsjV1X3ENS6g,2017-05-05T07:44:08Z
Ethnicity vs. Race | Part 2 of 2: Connections Through Sociological Perspectives,https://www.youtube.com/watch?v=BQAF0w4E8gc,UCAma3dADUJiMnFK3pu87zzQ,2017-08-10T16:07:46Z
"Ethnic Groups | Russell Peters - Red, White, and Brown Tour",https://www.youtube.com/watch?v=O0qZ0_d7Lek,UCek57Is95suO63uuW3iOGQw,2020-11-11T19:55:47Z
10 Fashion Tips for Men&#39;s Indian Ethnic Outfits I Fashion | Ranveer Allahbadia,https://www.youtube.com/watch?v=x-sHC-sWNDU,UCneyi-aYq4VIBYIAQgWmk_w,2018-10-24T17:21:33Z
Q&amp;A: My Ethnicity? Am I Asian? | Soony Sun,https://www.youtube.com/watch?v=EvigH4ISH4w,UCUu64gYXG6IxLykJwIn_LKw,2018-02-03T14:16:28Z
Tackling ethnic health disparities: Lisa Cooper at TEDxBaltimore 2014,https://www.youtube.com/watch?v=CBNWaQM2JrE,UCsT0YIqwnpJCM-mx7-gSA4Q,2014-02-28T10:43:05Z
„ÄêÈ≠Ç„ÇíÊè∫„Åï„Å∂„Çã„ÄëCHRONO ETHNIC -Ê∞ëÊóèÈü≥Ê•Ω„ÅßËÅ¥„Åè „ÇØ„É≠„Éé„Éà„É™„Ç¨„Éº/„ÇØ„É≠„Éé„ÇØ„É≠„Çπ ÂêçÊõ≤ÈõÜ-„Äê„Ç®„Çπ„Éã„ÉÉ„ÇØ„Äë,https://www.youtube.com/watch?v=d7tCm2WUddo,UCxvTK1mqr_fO1F4iO-OyAtg,2022-05-07T02:30:07Z
Tyler Camile Reveals Her Ethnicity,https://www.youtube.com/watch?v=swd1MCNV_-o,UCxca_6zloKOyPJF_DnSqtKw,2020-04-05T13:34:07Z
My Ancestry DNA Ethnicity Results! [Mexican-American Part 1],https://www.youtube.com/watch?v=-wzN4O0VMRo,UCDKyGcM9jRy4LkJ92j8ZTZw,2015-09-09T05:33:39Z
Oriental Deep House Mix 2 - 2022 - Dj.Nikos Danelakis #Best of Ethnic,https://www.youtube.com/watch?v=fjGVkySC3pU,UCrXVaXwXbMTpY00BRIaXmOg,2022-01-26T19:05:32Z
Ethnicity tag!,https://www.youtube.com/watch?v=d4nMwGPtOqg,UCHcvhBFQuxfq4NkjxW-EtrQ,2015-01-04T15:07:28Z
Ethnic Heritage Ensemble ‚Äì Black is Back,https://www.youtube.com/watch?v=UeXbhGyHtHA,UCvSQN8-lfMG6rTi7IjNFa2g,2019-04-08T18:10:05Z
A New Method to Improve Measurement of Race-and-Ethnicity in CMS Data,https://www.youtube.com/watch?v=60B83gcsT1g,UChHTRPxz8awulGaTMh3SAkA,2021-07-13T12:13:15Z
Light Skin Keisha Reveals Origin Of Her Name and Ethnicity,https://www.youtube.com/watch?v=9d9-OrKHB4Y,UCxca_6zloKOyPJF_DnSqtKw,2017-09-11T19:34:12Z
Babyface Ray Reveals His Ethnicity,https://www.youtube.com/watch?v=4N4yJy63CYM,UCxca_6zloKOyPJF_DnSqtKw,2020-02-07T21:09:06Z
What&#39;s your Ethnicity?? Where are your VLOGS??! (Questions I Don&#39;t Answer) | StarPuppy Podcast Ep. 3,https://www.youtube.com/watch?v=KkLoyT1O_E4,UC1zloOfzGCBGEeC4c3czNHA,2020-07-28T19:30:23Z
LIVE: E-petition debate relating to ethnicity pay gap reporting - 20 September 2021,https://www.youtube.com/watch?v=8_kb-nzVJ6M,UCMasyWuE1P2AaEKw_FkGq9g,2021-09-20T16:41:17Z
Ethnic Dad Fruiterers,https://www.youtube.com/watch?v=S8fgvP6OuJw,UCHTEg38eXCw7QJAeCXu46zw,2020-05-31T08:02:41Z
Ethnic Wear I Absolutely Love üíñ,https://www.youtube.com/watch?v=_O4-vSeWAnY,UCq3BP0ghOcQ_r5oV9803aMA,2022-02-03T10:29:56Z
On Strike:  Ethnic Studies - 1969-1999,https://www.youtube.com/watch?v=0xovOLk9qE8,UCplkTXS8LJiMwxNCb4ng4ZQ,2018-11-02T02:19:18Z
Ms Jacky Oh Reveals Origin Of Her Name and Ethnicity,https://www.youtube.com/watch?v=CDXg2mMVqQk,UCxca_6zloKOyPJF_DnSqtKw,2017-09-04T19:45:03Z
Styling *Ethnic Wear* On A Budget | Budget-Friendly Ethnic Wear Dresses | Sana Grover,https://www.youtube.com/watch?v=iwEbPkRtnpI,UCq3BP0ghOcQ_r5oV9803aMA,2021-09-25T12:30:18Z
Ethnicity MrysXDenice 4KV,https://www.youtube.com/watch?v=LSz65Pr2e54,UC6rTJ2KHgkREv6B3XINU-ag,2020-10-04T23:46:21Z
"My Nigeria, Our Nigeria: Lack Of Unity In Ethnicity Stems From The Parents|TODAY WITH JOHN AND HELEN",https://www.youtube.com/watch?v=igCGSKR6HFE,UCCAMSbdYapEgZg5HJl2xhpA,2021-10-04T13:16:18Z
Race and Ethnicity Among Children With COVID-19‚ÄìAssociated Multisystem Inflammatory Syndrome (MIS-C),https://www.youtube.com/watch?v=7Q-p5B-mP7w,UC4p6bEngiRCN7TyTxZVJ3OQ,2020-12-07T21:20:53Z
What&#39;s your Ethnicity?? Where are your VLOGS??! (Questions I Don&#39;t Answer) | StarPuppy Podcast Ep. 3,https://www.youtube.com/watch?v=KkLoyT1O_E4,UC1zloOfzGCBGEeC4c3czNHA,2020-07-28T19:30:23Z
Babyface Ray Reveals His Ethnicity,https://www.youtube.com/watch?v=4N4yJy63CYM,UCxca_6zloKOyPJF_DnSqtKw,2020-02-07T21:09:06Z
Ethnic Dad Fruiterers,https://www.youtube.com/watch?v=S8fgvP6OuJw,UCHTEg38eXCw7QJAeCXu46zw,2020-05-31T08:02:41Z
LIVE: E-petition debate relating to ethnicity pay gap reporting - 20 September 2021,https://www.youtube.com/watch?v=8_kb-nzVJ6M,UCMasyWuE1P2AaEKw_FkGq9g,2021-09-20T16:41:17Z
On Strike:  Ethnic Studies - 1969-1999,https://www.youtube.com/watch?v=0xovOLk9qE8,UCplkTXS8LJiMwxNCb4ng4ZQ,2018-11-02T02:19:18Z
Ethnic Wear I Absolutely Love üíñ,https://www.youtube.com/watch?v=_O4-vSeWAnY,UCq3BP0ghOcQ_r5oV9803aMA,2022-02-03T10:29:56Z
"06 Ethnicity, Crime and Justice",https://www.youtube.com/watch?v=OpUgmXDTdDk,UCxapZ6ctPqzWkF3r0nnbaQg,2018-08-06T11:40:59Z
Styling *Ethnic Wear* On A Budget | Budget-Friendly Ethnic Wear Dresses | Sana Grover,https://www.youtube.com/watch?v=iwEbPkRtnpI,UCq3BP0ghOcQ_r5oV9803aMA,2021-09-25T12:30:18Z
Ethnicity MrysXDenice 4KV,https://www.youtube.com/watch?v=LSz65Pr2e54,UC6rTJ2KHgkREv6B3XINU-ag,2020-10-04T23:46:21Z
"My Nigeria, Our Nigeria: Lack Of Unity In Ethnicity Stems From The Parents|TODAY WITH JOHN AND HELEN",https://www.youtube.com/watch?v=igCGSKR6HFE,UCCAMSbdYapEgZg5HJl2xhpA,2021-10-04T13:16:18Z
Race and Ethnicity Among Children With COVID-19‚ÄìAssociated Multisystem Inflammatory Syndrome (MIS-C),https://www.youtube.com/watch?v=7Q-p5B-mP7w,UC4p6bEngiRCN7TyTxZVJ3OQ,2020-12-07T21:20:53Z
"Nardo Wick Reveals His Race, Ethnicity, Nationality (part 2)",https://www.youtube.com/watch?v=Ek2hWOwcgTw,UCxca_6zloKOyPJF_DnSqtKw,2021-08-08T22:38:34Z
How To Pronounce Ethnicity - Pronunciation Academy,https://www.youtube.com/watch?v=Trj6ipH3ybU,UCnImcI-VA0N1aGSx677QCYA,2015-04-08T13:00:58Z
BSOG 171 Unit 8 ‡§ú‡§®‡§ú‡§æ‡§§‡§ø ‡§î‡§∞ ‡§®‡•É‡§ú‡§æ‡§§‡§ø‡§Ø‡§§‡§æ Unit 8 Tribe And ethnicity BSOG 171 ‡§≠‡§æ‡§∞‡§§‡•Ä‡§Ø ‡§∏‡§Æ‡§æ‡§ú ‡§õ‡§µ‡§ø‡§Ø‡§æ‡§Å IGNOU,https://www.youtube.com/watch?v=fRmWbQFDSIk,UCkkTXNfOUr0vJF10BFCkJmw,2022-07-20T07:20:23Z
&quot;Rusalka&quot; | Ethnic | Tribe | Trap | Club | Beat | Instrumental | Produced by ZwiReK,https://www.youtube.com/watch?v=bR-JWwX0Jw4,UCNv47vPDSfCOTPhQyWXdiXw,2016-11-06T05:59:03Z
Ethnic Mums at the supermarket,https://www.youtube.com/watch?v=ho6cDeCd5PQ,UCHTEg38eXCw7QJAeCXu46zw,2017-12-14T23:57:36Z
Balik Bayan - Ethnic Faces,https://www.youtube.com/watch?v=R6MHCU5_FKw,UC4h4Cf17Zuor0Viu9nTh91Q,2010-11-12T13:24:20Z
High Vibes Music Mix - Psydub Ethnic Chill Out World Tribal Psychill Dub Entheogenic,https://www.youtube.com/watch?v=NlovbLiuGLM,UCEm4W038VrdsJ0mQOo6V2gA,2014-06-18T22:19:55Z
What‚Äôs your ethnicity?? #shorts #shortsfeed,https://www.youtube.com/watch?v=i1p0D231YfU,UC8aQ05I6SwLqkWAD7499zSg,2022-05-11T05:10:16Z
10 ethnic stores you can shop from | Festive MYNTRA Haul ‚ú® #ShopWithKritika,https://www.youtube.com/watch?v=cmbrQ4-A6xw,UCozheH90vpNCOU15VgUgvog,2021-10-24T15:25:50Z
(9.0) Elemental Ethnic [MASTER 14+] (Ë≠úÈù¢Á¢∫Ë™ç) [CHUNITHM „ÉÅ„É•„Ç¶„Éã„Ç∫„É†],https://www.youtube.com/watch?v=5tayLUWS5rY,UCdypzqq-d62AlNuQvN9NxMA,2021-09-16T09:00:08Z
What&#39;s the difference between &#39;Race and Ethnicity&#39; ?,https://www.youtube.com/watch?v=_LPAfA53hNQ,UCuXsiundO6IU_LtHo0qZtyQ,2015-09-13T20:20:21Z
Discussions with Shewa | Ethnicity VS Religion | EP 1,https://www.youtube.com/watch?v=hmIJHSNUKSw,UCROAbQOeud4-RC5u29DDrZw,2019-10-08T10:05:24Z
Mullaniee Reveals Her Ethnicity (part 5),https://www.youtube.com/watch?v=eUeAa3cVb_8,UCxca_6zloKOyPJF_DnSqtKw,2020-10-17T14:53:36Z
Blaatina Reveals Origin Of Her Name and Ethnicity,https://www.youtube.com/watch?v=dkGakD1cgKI,UCxca_6zloKOyPJF_DnSqtKw,2018-08-09T18:54:11Z
ETHNIC DADS buying a house,https://www.youtube.com/watch?v=ZhamRtjcYCE,UCHTEg38eXCw7QJAeCXu46zw,2018-08-07T06:50:42Z
RACISM AND ETHNICITY I,https://www.youtube.com/watch?v=ws1X3rhTTWY,UCR9qocMTZcPLbUGlCJ8iPLA,2021-12-12T18:59:42Z
Simple Procedures for Successful Natural Pregnancy !! Dr Yogavidhya Ethnic Health Care,https://www.youtube.com/watch?v=oE3DgSWlwfg,UCZinho9wu3iAeRpUXvAMzBQ,2021-06-11T16:00:41Z
Ethnic Dads Homeschooling,https://www.youtube.com/watch?v=lTyiqxpIv4E,UCHTEg38eXCw7QJAeCXu46zw,2020-04-16T08:55:26Z
Andrew Tate Vs xQc | HEATED OPINION ON ETHNICITYüò±,https://www.youtube.com/watch?v=kPkc2OnFgNw,UCrGykYUv6lHbZhIOuSOnHHQ,2022-07-23T18:03:58Z
Slavic Europe vs Germanic Europe vs Latin Europe | Europe | Ethnic groups | Comparison | Data Duck,https://www.youtube.com/watch?v=j-QuWubj-g8,UCXM7k9e_wxy7ZDuXSwmqedw,2022-07-22T13:38:12Z
RACE VS ETHNICITY IN BENGALI,https://www.youtube.com/watch?v=BIqh6syk5bc,UCCpQxk3T-uT-W-36zSZ15vg,2020-05-09T18:25:43Z
Ethnic tensions rising again in Bosnia-Herzegovina,https://www.youtube.com/watch?v=AqSZ72BqpnI,UC8p1vwvWtl6T73JiExfWs1g,2022-02-04T17:40:36Z
Olivia Thai&#39;s Ethnicity üôäüåàüë≤,https://www.youtube.com/watch?v=yvSzOxGJUzE,UCB7t5OLatzbcrzwee42xX6A,2017-01-10T09:46:07Z
Second largest ethnicity in each country,https://www.youtube.com/watch?v=fE4_MEQCBQM,UC30ceC6A1TtCBt5yGQ9XUDQ,2022-07-28T15:32:01Z
AOC says Trump&#39;s policies are about ‚Äúethnicity and racism‚Äù,https://www.youtube.com/watch?v=bLxEVKhxd4U,UCAeWdyKJXGWmVAXFpgLNNTg,2019-07-20T23:02:59Z
ETHNICITY TAG üåç | WHERE AM I FROM?! (Somali? Ethiopian? Eritrean?),https://www.youtube.com/watch?v=p5alzjMZG-w,UCeVER_HGMXWBaClYPv8DRqw,2020-05-06T19:00:12Z
"M Huncho on hitting rock bottom, why his ethnicity isn&#39;t important, custom mask &amp; more!",https://www.youtube.com/watch?v=8goOdiorbJk,UCvHVCayfxm_gFN70OKYIaGA,2019-04-19T06:00:00Z
"get to know me Q&amp;A! - skincare, career plans, ethnicity &amp; more.",https://www.youtube.com/watch?v=nx2TZcA2lqM,UC6MzyJ7XY1vfS3c-yDU4xYw,2020-12-22T05:12:37Z
The Ethnicity Tag | What Am I ??  | Mary Fasil,https://www.youtube.com/watch?v=l25IkjG2q30,UC1V05PISTzK6wr5iPAbxmEg,2016-11-23T00:39:03Z
Anaya brand Ethnicity 2022 collection&quot; Design Sonali &quot; unpacking,https://www.youtube.com/watch?v=B5LkLFKspjk,UCscxlG2h_8WphXahaKJwwNg,2022-07-27T15:00:14Z
"grwm / get to know me! boyfriends, college, ethnicity, religion, etc.",https://www.youtube.com/watch?v=6Y_MOAmW-uU,UCvKGAc1tS4YLw1_SfBrOifA,2019-08-16T19:26:28Z
Ethnic Dads in the garden,https://www.youtube.com/watch?v=Olz8wMA8v3Y,UCHTEg38eXCw7QJAeCXu46zw,2020-01-14T06:13:40Z
WHAT IS MY ETHNICITY?! DNA RESULTS REVEALED + MAX&#39;S SPEECH,https://www.youtube.com/watch?v=EbYThICpdSA,UCbMTPpgXzGQ80bdoMM9wl0A,2018-07-13T16:30:00Z
RACISM AND ETHNICITY II,https://www.youtube.com/watch?v=ck6iPKeJuc8,UCR9qocMTZcPLbUGlCJ8iPLA,2021-12-12T19:01:11Z
How Will Your RACE/ETHNICITY Influence Your Medical School Admissions Odds?,https://www.youtube.com/watch?v=GnpXkLyTODs,UCx7l7GusEB1xMDPGM_TYHeQ,2020-10-09T16:32:25Z
How To Change your Ethnicity In South Park The Fractured But Whole,https://www.youtube.com/watch?v=6VDeuRdyyJc,UCk2ipH2l8RvLG0dr-rsBiZw,2017-10-20T17:03:02Z
ETHNICITY TAG/ CAMEROUN üá®üá≤ VS RDC üá®üá©,https://www.youtube.com/watch?v=JEfwoFoIohY,UCKLPkRWxvJssNf42Jgbr68A,2020-09-11T16:23:03Z
Kellyanne Conway Asks Reporter: &#39;What&#39;s Your Ethnicity?&#39;,https://www.youtube.com/watch?v=MpcuLddldpw,UChirEOpgFCupRAk5etXqPaA,2019-07-16T16:33:39Z
outfitters women collection july 2022 || ethnic by outfitters mid summer sale upto 50% off,https://www.youtube.com/watch?v=KmjyoY423R0,UCJTemThxORmGCtD-CyG36Vg,2022-07-26T08:59:45Z
Filling Flowers into Glutinous Rice Cake! A specialty of Tujia Ethnicity in Guizhou!,https://www.youtube.com/watch?v=nia9Oa50LsI,UCKu9dQPZcggDmZagZIXGicg,2021-06-12T10:01:10Z
What Are Misconceptions About Your Ethnicity That Annoy You?  | Culture Code,https://www.youtube.com/watch?v=ef7BguqbR58,UCZslbJ9Nu1TS4y6kqEtERXg,2022-07-25T19:25:15Z
Rose Russo Reveals Her Ethnicity,https://www.youtube.com/watch?v=dnWj9PdD_AE,UCAjCexKmwpZ7On2IZFEBziA,2011-06-01T18:10:00Z
Rocsi Global Fitness Reveals Origin Of Her Name and Ethnicity,https://www.youtube.com/watch?v=foSzHkQ1_2E,UCxca_6zloKOyPJF_DnSqtKw,2018-10-13T17:35:12Z
Role of Ethnicity in Indian Politics,https://www.youtube.com/watch?v=TMoAhkNDNeY,UCfQdIyh2NBGTaGm1OPiQmKw,2021-07-10T18:17:44Z
Mistaken ethnicity,https://www.youtube.com/watch?v=Rb_tZx3DohY,UCJN-jGMgMqdjsVpMdOPjI9A,2014-07-25T15:17:11Z
Ethnicity and Education - external factors,https://www.youtube.com/watch?v=pTavEVKGDig,UCx9D5bVS2lmNupqfLZwCJ4A,2015-03-13T11:12:40Z
Queen Reveals Origin Of Her Name and Ethnicity,https://www.youtube.com/watch?v=aJOQtRjAfak,UCxca_6zloKOyPJF_DnSqtKw,2018-10-28T16:24:01Z
Ethnic diversities  in India UPSC | Caste vs Race Vs Ethnicity|Cultural Setting | Geography of India,https://www.youtube.com/watch?v=Q_SXO7Lix1A,UCi1fcGWcgQ6cn0iny461jNw,2020-11-20T05:00:03Z
MR. CLEAN ETHNICITY #SHORTS,https://www.youtube.com/watch?v=qiGb48TQoG0,UCgZyHSWrXxzFwISUnOJBx6w,2022-07-23T20:54:39Z
ETHNICITY TAG/ MIXED RACE TAG | NABIILABEE,https://www.youtube.com/watch?v=ozyLi6AOpw8,UC4G5a4QvdTKn_wOmYcisV9A,2016-08-02T12:23:01Z
ETHNICITY TAG üá´üá∑üá®üá´üá®üá≤ | SHADALSTYLE,https://www.youtube.com/watch?v=zBmxr4oGTv0,UCn0P8iJcVWdpQGEsK3rNK9A,2018-07-06T17:15:00Z
Ethnic Dad CONCRETERS Part 2,https://www.youtube.com/watch?v=hIRhpwhoQm0,UCHTEg38eXCw7QJAeCXu46zw,2019-01-02T06:55:44Z
BART&#39;S ETHNICITY REVEALED!!!,https://www.youtube.com/watch?v=hxyQFZzjSBI,UCYmA2vTHngGpBGlxDWEFFtg,2017-02-14T04:20:56Z
ETHNICITY TAG - ET SI J&#39;ETAIS ? NAIJA-CAMER-CONGO-COTE D&#39;IVOIRE,https://www.youtube.com/watch?v=itfACSZBovc,UCp0_d36cpl4Lfa8MTfgkdiQ,2018-04-06T23:14:34Z
ETHNICITY TAG! |Aminachebbi,https://www.youtube.com/watch?v=iYbPO1_4new,UCAEETlkRV5F6cf6uDBD0Xig,2015-06-13T22:16:07Z
Yanni 2003   Ethnicity   Playing By Heart,https://www.youtube.com/watch?v=pW-Swc8J6Q4,UCsl9HbWiDGBEP22A77MnfHw,2015-03-05T15:41:51Z
Original brands Ethnic &amp; breeze Unstitched summer latest collection 2022 at a huge discount#ethnic,https://www.youtube.com/watch?v=YSQe49G7mQo,UChIbigfPaYkX-9vcpPHx1Hg,2022-07-24T05:14:46Z
"&#39;LOOK BEYOND ETHNICITY, RELIGION&#39;; OSIBAJO TELLS PROFESSIONALS IN POLITICS   [EP 356]",https://www.youtube.com/watch?v=snMg4eXagpY,UCGShlvrgMtU_6n3Jn4XMg7Q,2022-02-08T10:33:29Z
Snapchat Q&amp;A üëª! Ethnicity?,https://www.youtube.com/watch?v=hZzJhR1qfJU,UCcGDKfsq8XlbjfpmcTMqi6Q,2018-11-01T19:04:34Z
Amazonü§∑‚Äç‚ôÄÔ∏è|What I Ordered VS What I Got?|Ethnic Dress|#shorts #shortsvideo #whatiorderedvswhatigot,https://www.youtube.com/watch?v=F9eVID2ZCO0,UCuLk-qQYRLSl3W0rdjeUIJA,2022-07-22T12:45:08Z
Discovering our Family&#39;s Ethnicity!! | Mythology vs. Science | Ancestry DNA,https://www.youtube.com/watch?v=mPApsX33eZA,UCMS6w68iqSUwAOyUJXTUqqQ,2020-08-30T22:56:23Z
Roxxanne Montana Reveals Origin Of Her Name and Ethnicity,https://www.youtube.com/watch?v=2wwHUrF5LTo,UCxca_6zloKOyPJF_DnSqtKw,2019-04-07T15:02:58Z
Ancestry&#39;s New DNA SideView¬Æ: Separating Parents in Your DNA Ethnicity Estimates,https://www.youtube.com/watch?v=0gyQIwDgabY,UCcvpi8XvOScBogIxmarmADw,2022-04-22T10:00:01Z
"Get To know Me: Ethnicity, Age, University and More | Nivii06",https://www.youtube.com/watch?v=f6NM6ed3SaE,UC5-UfiOe_kWnkTAJzPQNDIg,2017-03-29T08:48:00Z
How to pronounce ETHNICITY in British English,https://www.youtube.com/watch?v=VRJDx9b381I,UCzQwDYYZ44evRH0_64Q5Vag,2018-02-23T10:35:45Z
Ethnicity Tag Husband And Wife Swap!,https://www.youtube.com/watch?v=Z0fVNDW_hZc,UC7p_mjcocviVwRaI1e9PNBA,2016-12-29T15:52:53Z
So what&#39;s my REAL ethnicity? ü§î (My 2nd Q&amp;A),https://www.youtube.com/watch?v=Fv8s3EHyZ7M,UC4_I3wwF9lv_q3nCeEdPXaw,2017-12-23T01:00:01Z
"&quot;Ew why don&#39;t you shave?&quot; &amp; other FAQs (age, ethnicity, fav artists/places/books, fears, dreams+)",https://www.youtube.com/watch?v=l_-T5nG2MiU,UC59L9n7Xvdc-p1fWuYkz0ZA,2017-06-22T10:31:05Z
Ethnicity tag ft My Brothers | Ethiopian,https://www.youtube.com/watch?v=jn6_DIqxgDE,UCif4wjd3ySS3q8JN5ONUrMw,2016-10-27T03:15:32Z
"TOWER AT UNN | RWANDAN PATRIOTIC FRONT ETHNIC CLEANSING OF THE EXILED  HUTUS CONGO | JULY, 24. 2022",https://www.youtube.com/watch?v=KUf2NCwbIRM,UCx7j0lz2gSQdsFwK7mke0Kg,2022-07-24T22:54:14Z
IELTS Academic Task 1 Writing: Gender &amp; Ethnicity at an American University,https://www.youtube.com/watch?v=ZzQ8EjTmM88,UCl9gVOu4bMazd3CQkUHtanA,2013-07-05T00:01:25Z
ETHNICITY REVEALED!,https://www.youtube.com/watch?v=iaU3-hAofso,UCY-TNU5jYhB6E4zfKomi1wg,2015-10-29T23:38:57Z
Cafe De Anatolia LOUNGE - Amor Gitana |Ethnic Deep House Dj Mix 2022|,https://www.youtube.com/watch?v=h6AQV_Q83nc,UCehwgzlM3jtgWJjkIUgyITw,2022-07-20T13:42:48Z
"RANDOM FACTS ABOUT US (FIGHT STORIES, SISTERS, ETHNICITY) | Osh and Akela",https://www.youtube.com/watch?v=q0rTHHsvZZc,UCZrHoiy9hYeapg3hikO18uA,2017-01-04T00:33:53Z
How Ethnicity Affects Your Rhinoplasty Surgery | Dr. Philip Solomon,https://www.youtube.com/watch?v=px_Wkbk-9VU,UCBI_z8gG9I8RmwC4ikQpiHg,2017-06-05T13:34:21Z
Calgary Centre for Newcomers - EthniCity Catering,https://www.youtube.com/watch?v=pYVPBDSWX80,UC67FLhGYDKkFYmm1gFKt_wA,2011-04-19T17:52:57Z
Mz Alist Reveals Origin Of Her Name and Ethnicity,https://www.youtube.com/watch?v=mOqSbilBeCM,UCxca_6zloKOyPJF_DnSqtKw,2019-02-15T20:32:12Z
APC WILL NOT RIDE ON RELIGION AND ETHNICITY IN CHOOSING IT&#39;S VICE PRESIDENTIAL CANDIDATE.-- Lukkman,https://www.youtube.com/watch?v=vgXZndMA2GY,UCnbPtwq3UaifNInJnSGShTg,2022-06-18T08:29:39Z
AncestryDNA | Our Next-Generation Ethnicity Estimate | Ancestry,https://www.youtube.com/watch?v=DcrH0Jx4OVo,UCsc0AQkAh_2cQmxqwD6VWRw,2018-09-12T15:14:11Z
Bankroll Freddie Reveals His Ethnicity,https://www.youtube.com/watch?v=Uo2AFXxagPQ,UCxca_6zloKOyPJF_DnSqtKw,2020-07-10T20:32:11Z
·É¶ Look like your own ethnicity ||sub ·É¶,https://www.youtube.com/watch?v=Jv8Ad2ERfnc,UCeHlE4utsy26pozNgpwJ1wQ,2021-06-12T22:31:33Z
Lil Migo Reveals His Ethnicity,https://www.youtube.com/watch?v=QODzqF9urn4,UCxca_6zloKOyPJF_DnSqtKw,2020-04-08T18:40:34Z
Afenifere Leader Defends Ethnicity Issue - #Oputapanel,https://www.youtube.com/watch?v=0T7EsovVM28,UC3o2Ya1nHcU0Vm1ox7MPI3A,2013-02-04T09:29:40Z
Race and Ethnicity,https://www.youtube.com/watch?v=6FStsGkGAOE,UCDVkCGJud_0205lwg0NAz4Q,2022-04-26T23:26:13Z
"Amanati - Exotic Mix 2020 (Exotic Trap, Arabic Trap, Ethnic Trap Continuous Mix)",https://www.youtube.com/watch?v=atCHvVlVC_Y,UC-eClcOMrTjVKb8BkEnMfWQ,2020-03-24T22:36:49Z
ETHNICITY ‡®Ö‡®§‡©á ‡®ï‡©å‡®Æ‡©Ä‡®Ö‡®§‡®æ ‡®¶‡©á ‡®Æ‡®∏‡®≤‡©á ‡®§‡©á ‡®∏‡®ø‡©±‡®ñ ‡®µ‡®ø‡®¶‡®µ‡®æ‡®® ‡®¶‡©á ‡®™‡©á‡®∂ ‡®ï‡©Ä‡®§‡©á ‡®µ‡©±‡®°‡©á ‡®∏‡®¨‡©Ç‡®§ !   ‡®∏‡®ø‡©±‡®ñ‡®æ‡®Ç ‡®®‡©Ç‡©∞ ‡®µ‡©±‡®ñ‡®∞‡©Ä ‡®ï‡©å‡®Æ ‡®®‡®æ‡®Ç ‡®Æ‡©∞‡®®‡®£,https://www.youtube.com/watch?v=PFipGJux-dA,UC52IQoZ4fFp_LccSMsZATXg,2021-03-10T19:11:54Z
J. Mascis - A Little Ethnic Song,https://www.youtube.com/watch?v=GtBr9rRppWA,UCYPWIprm9tgKSsdjzyZkYWg,2013-01-31T13:49:53Z
Kendrick Lamar-Fuck Your Ethnicity,https://www.youtube.com/watch?v=xWvWDu6IAyY,UCwFpcLZc8SxtMmmzPodIYeA,2011-07-02T02:39:51Z
"Coronary Heart Disease Risk in South Asian Ethnicity (Nasir, MD, Cainzos-Achirica, MD) June 2, 2021",https://www.youtube.com/watch?v=D_YCM4L9kHo,UCb8PGmJ6SILfyOvOWJvHZIg,2021-06-02T23:25:17Z
Ethnicity MrysXDenice 4KV,https://www.youtube.com/watch?v=LSz65Pr2e54,UC6rTJ2KHgkREv6B3XINU-ag,2020-10-04T23:46:21Z
"My Nigeria, Our Nigeria: Lack Of Unity In Ethnicity Stems From The Parents|TODAY WITH JOHN AND HELEN",https://www.youtube.com/watch?v=igCGSKR6HFE,UCCAMSbdYapEgZg5HJl2xhpA,2021-10-04T13:16:18Z
Taking A DNA Test To Figure Out What Ethnicity I Am!,https://www.youtube.com/watch?v=viueWADJqXY,UCS6DwDjIneym1lC0-IRW7rQ,2020-07-12T19:43:00Z
PASAR SENI ETHNIC INDONESIA | LIVE STREAMING,https://www.youtube.com/watch?v=sIcGUryMkQU,UCDVDoW0L2guADVTi_P-pm3Q,2022-07-24T07:05:04Z
"Journee Belle Reveals Her Race, Ethnicity, Nationality (part 2)",https://www.youtube.com/watch?v=pAtA51WEmz4,UCxca_6zloKOyPJF_DnSqtKw,2022-07-20T20:30:03Z
Cafe De Anatolia - Most Beautiful Songs 2022 (Best Ethnic Deep House),https://www.youtube.com/watch?v=p3qF4NJCfXk,UC1Tr6S-XLBk1NzNX1jErWMg,2022-04-01T15:05:20Z
RACISM AND ETHNICITY I,https://www.youtube.com/watch?v=ws1X3rhTTWY,UCR9qocMTZcPLbUGlCJ8iPLA,2021-12-12T18:59:42Z
"Call In Show About Ethnicity, Religion and Peace, September",https://www.youtube.com/watch?v=3TmdLZkIj4U,UCE75dgnEYPacknHHg3a3sJg,2017-09-30T14:00:31Z
Cafe De Anatolia LOUNGE - Amor Gitana |Ethnic Deep House Dj Mix 2022|,https://www.youtube.com/watch?v=h6AQV_Q83nc,UCehwgzlM3jtgWJjkIUgyITw,2022-07-20T13:42:48Z
Second largest ethnicity in each country,https://www.youtube.com/watch?v=fE4_MEQCBQM,UC30ceC6A1TtCBt5yGQ9XUDQ,2022-07-28T15:32:01Z
Animals of The Earth Vol‚Äãume 1 - Tryptology Mixtape - Ethnotronic World Ethnic Folktronica Psydub,https://www.youtube.com/watch?v=bWrNxOA5NI4,UCEm4W038VrdsJ0mQOo6V2gA,2020-04-15T16:13:14Z
"TOWER AT UNN | RWANDAN PATRIOTIC FRONT ETHNIC CLEANSING OF THE EXILED  HUTUS CONGO | JULY, 24. 2022",https://www.youtube.com/watch?v=KUf2NCwbIRM,UCx7j0lz2gSQdsFwK7mke0Kg,2022-07-24T22:54:14Z
Anaya brand Ethnicity 2022 collection&quot; Design Sonali &quot; unpacking,https://www.youtube.com/watch?v=B5LkLFKspjk,UCscxlG2h_8WphXahaKJwwNg,2022-07-27T15:00:14Z
RACISM AND ETHNICITY II,https://www.youtube.com/watch?v=ck6iPKeJuc8,UCR9qocMTZcPLbUGlCJ8iPLA,2021-12-12T19:01:11Z
outfitters women collection july 2022 || ethnic by outfitters mid summer sale upto 50% off,https://www.youtube.com/watch?v=KmjyoY423R0,UCJTemThxORmGCtD-CyG36Vg,2022-07-26T08:59:45Z
"‡¥°‡¥æ‡µº‡¥ï‡µç‡¥ï‡µç ‡¥ö‡µã‡¥ï‡µç‡¥ï‡¥≤‡µá‡¥±‡µç‡¥±‡µç , ‡¥π‡µÉ‡¥¶‡¥Ø‡¥§‡µç‡¥§‡¥ø‡¥®‡µÅ‡¥Ç ‡¥¶‡¥æ‡¥Æ‡µç‡¥™‡¥§‡µç‡¥Ø‡¥§‡µç‡¥§‡¥ø‡¥®‡µÅ‡¥Ç | Ethnic Health Court",https://www.youtube.com/watch?v=UdES1nmSy9A,UC55w4h52GwDFLwKerARarGA,2022-07-26T16:30:09Z
"THERE IS NO RACE ,ETHNICITY, COLOR OR TRIBE WITH GOD.  ROMANS 10:12-13, GALATIANS 3 : 28",https://www.youtube.com/watch?v=wMyaId1hvC0,UC5NrKz2kXHbOxQjZGzjcTMQ,2021-10-17T13:27:23Z
Rocsi Global Fitness Reveals Origin Of Her Name and Ethnicity,https://www.youtube.com/watch?v=foSzHkQ1_2E,UCxca_6zloKOyPJF_DnSqtKw,2018-10-13T17:35:12Z
Mistaken ethnicity,https://www.youtube.com/watch?v=Rb_tZx3DohY,UCJN-jGMgMqdjsVpMdOPjI9A,2014-07-25T15:17:11Z
What Are Misconceptions About Your Ethnicity That Annoy You?  | Culture Code,https://www.youtube.com/watch?v=ef7BguqbR58,UCZslbJ9Nu1TS4y6kqEtERXg,2022-07-25T19:25:15Z
üåπEthnic Plus Affordable Lehengas &amp; Saree| Wedding &amp; Party Outfit Collection|Online Shopping Haul üåπ,https://www.youtube.com/watch?v=hC1kbwJ0xOs,UCWBntDBEDWS3NC50dDmpe-g,2022-07-22T08:12:59Z
"&#39;LOOK BEYOND ETHNICITY, RELIGION&#39;; OSIBAJO TELLS PROFESSIONALS IN POLITICS   [EP 356]",https://www.youtube.com/watch?v=snMg4eXagpY,UCGShlvrgMtU_6n3Jn4XMg7Q,2022-02-08T10:33:29Z
So what&#39;s my REAL ethnicity? ü§î (My 2nd Q&amp;A),https://www.youtube.com/watch?v=Fv8s3EHyZ7M,UC4_I3wwF9lv_q3nCeEdPXaw,2017-12-23T01:00:01Z
IELTS Academic Task 1 Writing: Gender &amp; Ethnicity at an American University,https://www.youtube.com/watch?v=ZzQ8EjTmM88,UCl9gVOu4bMazd3CQkUHtanA,2013-07-05T00:01:25Z
How to Make Ethnic Dress for Raksha Bandhan \ Teej \ Easy stitching tutorial for beginners,https://www.youtube.com/watch?v=iVGbo51ykuA,UC_X-yKa7LTgUmGgcM4aXk_A,2022-07-22T07:30:07Z
Are Ethnic Minorities Abandoning the Left? | The Table Ep. 6,https://www.youtube.com/watch?v=F7qIYvMOx5U,UCayTdu6LmYI26yVOHTLROlA,2022-07-20T20:13:43Z
APC WILL NOT RIDE ON RELIGION AND ETHNICITY IN CHOOSING IT&#39;S VICE PRESIDENTIAL CANDIDATE.-- Lukkman,https://www.youtube.com/watch?v=vgXZndMA2GY,UCnbPtwq3UaifNInJnSGShTg,2022-06-18T08:29:39Z
Kosa ‚û∏ TathƒÅstu ‚û∏ Tryptology Mixtape ‚û∏ Ethnic Psychill Entheogenic World Electro Tribal,https://www.youtube.com/watch?v=AKHCg5aNbGo,UCEm4W038VrdsJ0mQOo6V2gA,2020-10-16T03:18:13Z
ETHNICITY ‡®Ö‡®§‡©á ‡®ï‡©å‡®Æ‡©Ä‡®Ö‡®§‡®æ ‡®¶‡©á ‡®Æ‡®∏‡®≤‡©á ‡®§‡©á ‡®∏‡®ø‡©±‡®ñ ‡®µ‡®ø‡®¶‡®µ‡®æ‡®® ‡®¶‡©á ‡®™‡©á‡®∂ ‡®ï‡©Ä‡®§‡©á ‡®µ‡©±‡®°‡©á ‡®∏‡®¨‡©Ç‡®§ !   ‡®∏‡®ø‡©±‡®ñ‡®æ‡®Ç ‡®®‡©Ç‡©∞ ‡®µ‡©±‡®ñ‡®∞‡©Ä ‡®ï‡©å‡®Æ ‡®®‡®æ‡®Ç ‡®Æ‡©∞‡®®‡®£,https://www.youtube.com/watch?v=PFipGJux-dA,UC52IQoZ4fFp_LccSMsZATXg,2021-03-10T19:11:54Z
Meesho ethnic wear haul for Rakhi || Rakhi special outfit idea || Flipkart ethnic wear |Riturvanjali,https://www.youtube.com/watch?v=sQObzcOR08o,UCsaywmutgysDg3sXA6oc-nw,2022-07-21T14:07:15Z
Beautiful Dresses üëó| Ethnic wear| &amp; Designer Kurtis  | Wholesale &amp; Retail | Short &amp; Long üëó Dresses|,https://www.youtube.com/watch?v=RPhUqC6bHbw,UCqIOOwkxICVBcrfW-iZI7Yw,2022-07-21T12:30:13Z
Having Conversations About Race and Ethnicity,https://www.youtube.com/watch?v=htZa-oaRlMk,UCgEUZk36iJgIjugLZ2aU2rg,2022-07-26T13:38:05Z
Afenifere Leader Defends Ethnicity Issue - #Oputapanel,https://www.youtube.com/watch?v=0T7EsovVM28,UC3o2Ya1nHcU0Vm1ox7MPI3A,2013-02-04T09:29:40Z
#Shorts  ‡¥π‡µÄ‡¥Æ‡µã‡¥ó‡µç‡¥≤‡µã‡¥¨‡¥ø‡µª ‡¥ï‡µÇ‡¥ü‡¥æ‡µª  | Ethnic Health Court,https://www.youtube.com/watch?v=hXbmDkhiGl8,UC55w4h52GwDFLwKerARarGA,2022-07-27T09:30:12Z
Ethnic Tribual,https://www.youtube.com/watch?v=PheEDfh3dvs,UCg6JiSXUCjvxl7ftIjcwo_Q,2022-07-26T14:23:15Z
„Äê‰∏ñÁïå„ÅåËÅ¥„Åì„Åà„Çã„ÄëEthnic of MANA -Ê∞ëÊóèÈü≥Ê•Ω„ÅßËÅ¥„ÅèËÅñÂâ£‰ºùË™¨-„Äê„Ç®„Çπ„Éã„ÉÉ„ÇØ„Äë,https://www.youtube.com/watch?v=GerCfJZcqpA,UCxvTK1mqr_fO1F4iO-OyAtg,2021-03-19T10:59:42Z
Leigh-Anne Pinnock and Mo Farah lead nominations at Ethnicity Awards 2022,https://www.youtube.com/watch?v=BKuESmWGWqQ,UC9f3elLGRxuBvPNOHTGOesA,2022-07-28T19:27:13Z
Guess my ethnicity,https://www.youtube.com/watch?v=P5Tn3iQ93ZI,UCDS6VYZ5ziqpE46QUqu0fgg,2022-07-26T18:53:08Z
Long Frocks from Manufacturers|Georgette &amp; Ethnic Long Frocks|Lavanya Randoms,https://www.youtube.com/watch?v=y6DOWdguTnQ,UCemQTMeapTRvLvC2ee3ExJQ,2022-07-24T04:24:56Z
"Assam Ahom Ethnic food || Pork boil, Chicken boil, kola joha fish,Rohi ‡¶Ü‡ß∞‡ßÅ ‡¶¨‡¶π‡ßÅ‡¶§‡ßã üòãüòã",https://www.youtube.com/watch?v=ptX6rgFH56M,UCbG3xLBivvzYazGEMR3i_6g,2022-07-23T05:15:03Z
‡§ú‡•ã‡§π‡§∞ ‡§è‡§•‡§®‡§ø‡§ï ‡§∞‡§ø‡§ú‡§æ‡§∞‡•ç‡§ü ‡§¨‡§∏‡•ç‡§§‡§∞ ‡§ï‡•á ‡§Ü‡§¶‡§ø‡§µ‡§æ‡§∏‡•Ä ‡§∏‡§Æ‡•Å‡§¶‡§æ‡§Ø ‡§ï‡•à‡§∏‡•á ‡§∞‡§π‡§§‡•á ‡§π‡•à || JOHAR ETHNIC RESORT KONDAGAON  ||,https://www.youtube.com/watch?v=hPkYQo2b2Jc,UCfnPFPzSPbQl4yS5OrPNTjQ,2022-07-24T08:01:35Z
Andrew Tate Tells xQc about his Ethnicity üò±ü§îü§® #xqc #adinross #andrewtate,https://www.youtube.com/watch?v=Nscqo52BZ98,UC2k4NBCMCwQiMtZ6wz8WtsQ,2022-07-24T14:47:49Z
Race and Ethnicity Literature Review,https://www.youtube.com/watch?v=UPDW1ZAAfc4,UCnq1vQEartZzyqLPB_fCx7g,2022-07-29T03:28:39Z
Ethnic Roots,https://www.youtube.com/watch?v=bJ8QVwPRnmI,UC4P1szSmDEhNkGRZ1BHpaQA,2022-07-28T23:38:26Z
Just a Minute! on Health Equity and Race/Ethnicity Data Collection,https://www.youtube.com/watch?v=NVFhl1ZsXME,UCx-zWYqrIGH15PrJKF0DUlQ,2022-07-26T16:27:50Z
ethnic summer sale 50 to 60% off//Anum naz,https://www.youtube.com/watch?v=vZedYL4CDvs,UCiWFIjSRpn5dTDA3_NiyrPw,2022-07-26T17:00:04Z
‡¥µ‡µÄ‡¥ü‡µç‡¥ü‡¥ø‡¥≤‡¥ø‡¥∞‡µÅ‡¥®‡µç‡¥®‡µç ‡¥Ü‡¥∞‡µã‡¥ó‡µç‡¥Ø‡¥®‡¥ø‡¥≤ ‡¥Ö‡¥±‡¥ø‡¥Ø‡¥æ‡µª ‡¥à ‡¥â‡¥™‡¥ï‡¥∞‡¥£‡¥ô‡µç‡¥ô‡µæ | Ethnic Health Court,https://www.youtube.com/watch?v=mF-fbdjVIZI,UC55w4h52GwDFLwKerARarGA,2022-07-27T11:45:12Z
–°–µ—Ä—å–≥–∏ –≤ —ç—Ç–Ω–æ —Å—Ç–∏–ª–µ –∏–∑ –±–∏—Å–µ—Ä–∞,https://www.youtube.com/watch?v=UgMcQVWk7Zs,UCuNsp32nCUA3faqcfrgABFQ,2022-07-19T12:00:18Z
"Inside my day: ethnic cooking, major embarrassment, special announcement, kids + more!",https://www.youtube.com/watch?v=V5LmT2iyNN4,UC7M40BOCY2K4Yf_5wmtliAw,2022-07-16T13:44:21Z
"Workshop on Data Equity Issues in Quantifying Racism, Race, and Ethnicity",https://www.youtube.com/watch?v=9qbUuBfbnKs,UC34bRTZdsmjCfHBCMeJkRAA,2021-11-08T21:13:05Z
Where am from‚Ä¶üòÅü§∏üèº‚Äç‚ôÄÔ∏èüòÉ#shorts #youtubeblack #ethnicity,https://www.youtube.com/watch?v=G1Svm9uPM4s,UCQ2dQ-M8BSfaCWXMgOxQ3MA,2022-07-18T11:00:46Z
All Political Party and Ethnic Army pledge to uproot Military Junta,https://www.youtube.com/watch?v=bEN1QeIQi-M,UC_K7HCxFpYAOZlkX4lVFx2w,2022-07-27T21:42:22Z
Ethnic Outfit Ideas || 2022 || Ethnic Dress Designs,https://www.youtube.com/watch?v=XwE-G0fDmSc,UCaswAh0ghKUhyzSjOX4s3eA,2022-07-28T10:30:11Z
Ethnic Dress/Kurti Design Cutting Stitching In Hindi/ Peplum Kurti/Frock DIY/ Gotapatti Kurti Design,https://www.youtube.com/watch?v=gcABNngF7LA,UCmJIgd5IXVXuCeJ_eJWiUJQ,2022-07-26T05:53:55Z
Myntra Kurta Set Haul + Try On‚ú®‚ú® II Affordable Ethnic Wear‚úå II Chinmayee&#39;s Lifestyleüòç,https://www.youtube.com/watch?v=udjdS0ofdYE,UCccm4nf8hyGX4s3y30lwV5A,2022-07-28T10:52:44Z
How to Make Ethnic Dress for Raksha Bandhan \ Teej \ Easy stitching tutorial for beginners,https://www.youtube.com/watch?v=iVGbo51ykuA,UC_X-yKa7LTgUmGgcM4aXk_A,2022-07-22T07:30:07Z
Best meesho haul üòç | ethnic wear | rakshabandhan special ‚ù§Ô∏è,https://www.youtube.com/watch?v=KdTjAwYe22U,UCvmLqYHtUnIFQ0mS-VICGpw,2022-07-27T17:41:00Z
Long Frocks from Manufacturers|Georgette &amp; Ethnic Long Frocks|Lavanya Randoms,https://www.youtube.com/watch?v=y6DOWdguTnQ,UCemQTMeapTRvLvC2ee3ExJQ,2022-07-24T04:24:56Z
How to reuse your Lehenga || ethnic vs Indo westarn style||#ytshort #shorts,https://www.youtube.com/watch?v=L-87d8SAz-M,UC9lwVTINE0BX-T0k_HQfwEQ,2022-07-28T12:08:18Z
South Cotton Fabric For Ethnic Wear,https://www.youtube.com/watch?v=dTgTTe_j-Mc,UCf5BDB-CWfPxtbBEyij8V1A,2022-07-28T10:40:01Z
Malaika Arora&#39;s Sultry Avatar | Aditi Rao Hydari&#39;s Ethnic Look | Indian Couture Week,https://www.youtube.com/watch?v=mIhwk832sN0,UCLIMdoS-InL1-GIBUKSvydg,2022-07-28T06:39:49Z
ÿ∫ÿ∞ÿßŸáÿß€å ÿß€åÿ±ÿßŸÜ€å ÿÆŸàÿ¥ŸÖÿ≤Ÿá ÿßÿ≤ ÿ¥ŸÖÿßŸÑ ÿ™ÿß ÿ¨ŸÜŸàÿ® | Iranian food of different ethnicities,https://www.youtube.com/watch?v=-HqkvNBDq84,UCFpwBqEbvOKYeM7PPSt3yAg,2022-07-27T08:30:11Z
ethnic consolidate,https://www.youtube.com/watch?v=L9VVn98bZ04,UC1fCal-hFCmS7xQS19Lpbtw,2022-07-28T06:53:59Z
YeaMe Kasavu Ethnic Dress Kurti(5456)@ Rs.1150üî•,https://www.youtube.com/watch?v=6DRVvsvXjxc,UC8DU29RWuRX3Jn6AmxOqbwA,2022-07-27T15:30:01Z
ETHNIC THREADS,https://www.youtube.com/watch?v=1-EVKFFA0Z0,UCLzR6QUExpCFwPF09p-ok6g,2022-07-27T18:30:00Z
"Assam Ahom Ethnic food || Pork boil, Chicken boil, kola joha fish,Rohi ‡¶Ü‡ß∞‡ßÅ ‡¶¨‡¶π‡ßÅ‡¶§‡ßã üòãüòã",https://www.youtube.com/watch?v=ptX6rgFH56M,UCbG3xLBivvzYazGEMR3i_6g,2022-07-23T05:15:03Z
Trust Your Ethnicity,https://www.youtube.com/watch?v=HIlHAucL2b0,UCfvmVThJqnZctb9lQW9amRw,2022-07-26T10:06:46Z
Shopping super affordable and trendy ethnic for upcoming festivities | Meesho Haul,https://www.youtube.com/watch?v=_uX6GpEjaTo,UCAVu1MQpo8u08Lv_4V4AmGA,2022-07-28T13:56:04Z
‡¥™‡¥≤‡µç‡¥≤‡µç ‡¥™‡µÅ‡¥≥‡¥ø‡¥™‡µç‡¥™‡µç ‡¥™‡µç‡¥∞‡¥∂‡µç‚Äå‡¥®‡¥Æ‡¥æ‡¥ï‡µÅ‡¥®‡µç‡¥®‡µã? ‡¥™‡¥∞‡¥ø‡¥π‡¥æ‡¥∞‡¥Ç | Tooth decay | Ethnic Health Court,https://www.youtube.com/watch?v=xD6B3p4No5w,UC55w4h52GwDFLwKerARarGA,2022-07-21T15:15:11Z
^_‚àí‚òÜdesired ethnicity ‚ú®üçÅüåü‚ö°Ô∏è,https://www.youtube.com/watch?v=LS7jcibbIgg,UCy7VlQ6rq0Lr99hBt6Y9Cxw,2022-07-24T01:48:37Z
"80 Pavan wedding Set I Special Ethnic, Royal Antique, Veda Jewellery I Leo&#39;s Gold &amp; Diamonds",https://www.youtube.com/watch?v=B21VFP1qKX8,UCkj8ArXt0WgOJFSAEhkfQqA,2022-07-23T13:00:12Z
Project Genesis Inquiry: The Jews Race vs Ethnicity edited,https://www.youtube.com/watch?v=EWfqw4sHtsc,UCojcmlEBCPJ3FPmXlJfqziQ,2022-07-27T15:16:30Z
‡§ú‡•ã‡§π‡§∞ ‡§è‡§•‡§®‡§ø‡§ï ‡§∞‡§ø‡§ú‡§æ‡§∞‡•ç‡§ü ‡§¨‡§∏‡•ç‡§§‡§∞ ‡§ï‡•á ‡§Ü‡§¶‡§ø‡§µ‡§æ‡§∏‡•Ä ‡§∏‡§Æ‡•Å‡§¶‡§æ‡§Ø ‡§ï‡•à‡§∏‡•á ‡§∞‡§π‡§§‡•á ‡§π‡•à || JOHAR ETHNIC RESORT KONDAGAON  ||,https://www.youtube.com/watch?v=hPkYQo2b2Jc,UCfnPFPzSPbQl4yS5OrPNTjQ,2022-07-24T08:01:35Z
Andrew Tate Tells xQc about his Ethnicity üò±ü§îü§® #xqc #adinross #andrewtate,https://www.youtube.com/watch?v=Nscqo52BZ98,UC2k4NBCMCwQiMtZ6wz8WtsQ,2022-07-24T14:47:49Z
Mohammed Ali Road | Nakhuda Mohalla Market Mumbai | Bridal Collection üíÉ Designer Ethnic Wear .,https://www.youtube.com/watch?v=tvrh6XIldyk,UCgNo5yyp7GyCrrk-a3XXcGA,2022-07-26T11:16:38Z
Meesho ethnic wear haul for Rakhi || Rakhi special outfit idea || Flipkart ethnic wear |Riturvanjali,https://www.youtube.com/watch?v=sQObzcOR08o,UCsaywmutgysDg3sXA6oc-nw,2022-07-21T14:07:15Z
Heaven aka Honey Pari Reveals Origin Of Her Name and Ethnicity,https://www.youtube.com/watch?v=as_Q927urxA,UCxca_6zloKOyPJF_DnSqtKw,2017-09-24T19:33:25Z
If I had a dollar for every time someone guessed my ethnicity wrong üò≠üí∞,https://www.youtube.com/watch?v=UB0-PTRoOX4,UCU5G7YWi6QjXgA344xMp8VQ,2022-07-23T11:57:13Z
Ajio haul ethnic wear sets#ajio #ajiohaul #haul #haulvideo,https://www.youtube.com/watch?v=cSYYFYBYKoM,UCeH6AA64LDEiEu_1VwR2N5A,2022-07-25T12:38:03Z
–°–µ—Ä—å–≥–∏ –≤ —ç—Ç–Ω–æ —Å—Ç–∏–ª–µ –∏–∑ –±–∏—Å–µ—Ä–∞,https://www.youtube.com/watch?v=UgMcQVWk7Zs,UCuNsp32nCUA3faqcfrgABFQ,2022-07-19T12:00:18Z
SPESIAL LELANG BARANG ANTIK | LIVE STREAMING,https://www.youtube.com/watch?v=RK_waq-H4Dw,UCDVDoW0L2guADVTi_P-pm3Q,2022-07-28T16:27:40Z
‚Äî ‚ùõ korean ethnicity ‡ºâ,https://www.youtube.com/watch?v=Q43-XL8LUmo,UCtRFqxqHWlIVvyB6Qv7tQMA,2022-07-28T13:44:36Z
my ethnicity,https://www.youtube.com/watch?v=bhlyAy3cWds,UCL_LsvQCMIi4dShpQJ5WuwA,2022-07-27T15:42:00Z
My ethnicity,https://www.youtube.com/watch?v=Qge1MZHJOIw,UCkIeLe24YoTVmaP8sZEWKTg,2022-07-29T03:33:08Z
&quot;ùòìùò™ùòßùò¶ ùò™ùòØ ùòõùò™ùò≥ùò¢ùòØùò¢üá¶üá±&quot; *requested* Ethnicity Sub,https://www.youtube.com/watch?v=v92lzU7lZKE,UC_-OyW-JaFQ_amH2WZ0rguQ,2022-07-28T13:59:47Z
&quot;ùòã.ùòä.üá∫üá∏ ùò∞ùò≥ ùòíùò™ùòØùò¥ùò©ùò¢ùò¥ùò¢üá®üá©?&quot; *requested* Ethnicity Sub,https://www.youtube.com/watch?v=VoNVb_wEg3Q,UC_-OyW-JaFQ_amH2WZ0rguQ,2022-07-26T17:33:48Z
Tate reveals his ethnicity- @tateindigo #Shorts,https://www.youtube.com/watch?v=48xdIz2SJbM,UCyBNkVu4XvYIhtevylkZeUA,2022-07-29T01:01:43Z
"SAY NO, to politics of hate and ethnicity.",https://www.youtube.com/watch?v=uZUjPORojOI,UCz4Bdm-MmmxzCz74SltHG1g,2022-07-28T10:49:19Z
uhm ok‚Ä¶ ethnicityÔøºÔøº and race are different broüíÄ,https://www.youtube.com/watch?v=snEHDQcom-g,UCJAL0cJaa_qJ6tNYCbI84OA,2022-07-27T23:02:25Z
"khushi ethnic  wear shop ,7988128603",https://www.youtube.com/watch?v=VEsST_bZanc,UCQh7Z_xGXBte7p9KS4ZimmA,2022-07-25T13:43:32Z
Ajio ethnic outfit ideas/ajio,https://www.youtube.com/watch?v=o6iZS3qDk70,UCd8VLjFffiISjYEF1x3d4FA,2022-07-26T17:56:08Z
